"id";"name";"mobile";"address";"rating";"votes";"established";"website";"mon_time";"tues_time";"wed_time";"thurs_time";"fri_time";"sat_time";"sun_time"
1;"Knock Out Martial Arts & Fi...";"+(91)-11-33983664";"A 13 Basement, Lajpat Nagar 2-lajpat Nagar, Delhi - 110024";"4.1";"108";"1992";"http://www.martial-art.in";"06:30 am - 10:00 pm";"06:30 am - 10:00 pm";"06:30 am - 10:00 pm";"06:30 am - 10:00 pm";"06:30 am - 10:00 pm";"06:30 am - 10:00 pm";"06:30 am - 10:00 pm"
2;"Invictus Survival Sciences";"+(91)-11-33980311";"B 2/135, Safdarjung Enclave, Delhi - 110029, Near St Mary School(Map)";"4.6";"85";"1995";"http://www.invictus-spot.com";"09:00 am - 10:00 pm";"09:00 am - 10:00 pm";"09:00 am - 10:00 pm";"09:00 am - 10:00 pm";"09:00 am - 10:00 pm";"09:00 am - 10:00 pm";"09:00 am - 10:00 pm"
3;"Amit Muaythai Boxing";"+(91)-11-33086748";"R 23, Third Floor, Nehru Enclave, Nehru Place, Delhi - 110019(Map)";"4.6";"7";"2012";"javascript:void(0);";"12:00 am - 11:59 pm";"12:00 am - 11:59 pm";"12:00 am - 11:59 pm";"12:00 am - 11:59 pm";"12:00 am - 11:59 pm";"12:00 am - 11:59 pm";"12:00 am - 11:59 pm"
4;"Mixed Martial Arts Knockout";"+(91)-11-33089744";"A 13, Basement, Lajpat Nagar, Delhi - 110024, Near Metro Station Gate Number 2";"4.8";"21";"1999";"http://www.martial-art.in";"07:00 am - 10:00 pm";"07:00 am - 10:00 pm";"07:00 am - 10:00 pm";"07:00 am - 10:00 pm";"07:00 am - 10:00 pm";"07:00 am - 10:00 pm";"07:00 am - 10:00 pm"
5;"SFL Fitness";"+(91)-11-33497736";"F 86, Shivaji Enclave, Rajouri Garden, Delhi - 110027, Opposite Tdi Paragon Mall Wave Cinema(Map)";"4.7";"3";"2015";"javascript:void(0);";"07:00 am - 09:00 pm";"07:00 am - 09:00 pm";"07:00 am - 09:00 pm";"07:00 am - 09:00 pm";"07:00 am - 09:00 pm";"07:00 am - 09:00 pm";"07:00 am - 09:00 pm"
6;"Amit Thai Boxing Combat";"+(91)-11-33082457";"T 3 Gym, Preet Vihar, Delhi - 110092, Near Preet Vihar Metro Station";"4.1";"14";"2012";"javascript:void(0);";"07:00 am - 11:00 am  05:00 pm - 09:00 pm";"Closed";"07:00 am - 11:00 am  05:00 pm - 09:00 pm";"Closed";"07:00 am - 11:00 am  05:00 pm - 09:00 pm";"Closed";"Closed"
7;"Sanshinkan MMA fitzone";"+(91)-11-33081307";"Gupta Plaza, First Floor, M1 Block, Vikaspuri, Delhi - 110018, Opposite Kerala School, Near Janakpuri West Metro Station(Map)";"4.9";"45";"2008";"http://www.mmafitzone.com";"06:00 am - 12:00 pm  04:00 pm - 09:00 pm";"06:00 am - 12:00 pm  04:00 pm - 09:00 pm";"06:00 am - 12:00 pm  04:00 pm - 09:00 pm";"06:00 am - 12:00 pm  04:00 pm - 09:00 pm";"06:00 am - 12:00 pm  04:00 pm - 09:00 pm";"06:00 am - 12:00 pm  04:00 pm - 09:00 pm";"06:00 am - 12:00 pm  06:00 am - 09:00 pm"
8;"Sanshinkan Karate Internati...";"+(91)-11-33496848";"V-21/10, Dlf Phase 3, Gurgaon, Gurgaon - 122002, Near Dlf Phase 3 Church(Map)";"3.5";"2";"1998";"javascript:void(0);";"06:00 am - 07:00 pm";"06:00 am - 07:00 pm";"06:00 am - 07:00 pm";"06:00 am - 07:00 pm";"06:00 am - 07:00 pm";"06:00 am - 07:00 pm";"Closed"
9;"Kickxcise";"+(91)-11-33055319";"40-E, Jcm Marg, Dlf City Phase Ii Gurgaon, Gurgaon - 122008, Near Sikandarpur Metro Station(Map)";"5.0";"1";"2014";"http://www.kickxcise.com";"06:00 am - 09:00 pm";"06:00 am - 09:00 pm";"06:00 am - 09:00 pm";"06:00 am - 09:00 pm";"06:00 am - 09:00 pm";"06:00 am - 09:00 pm";"Closed"
10;"F M A Fitness";"+(91)-11-33827204";"B 36, 2nd floor above D Pauls, Shivalik road, Shivalik-Malviya Nagar, Delhi - 110017(Map)";"3.5";"2";"2013";"http://www.jiujitsuindia.com";"06:30 am - 10:00 am";"06:30 am - 10:00 am";"06:30 am - 10:00 am";"06:30 am - 10:00 am";"06:30 am - 10:00 am";"06:30 am - 10:00 am";"06:30 am - 10:00 am"
11;"Sanshinkan Karate Mixed Mar...";"+(91)-11-33060956";"Office Number F 143, New Friends Colony, Delhi - 110025";"4.5";"8";"1969";"http://www.martial-art.co.in";"06:00 am - 10:00 pm";"12:00 am - 11:59 pm";"06:00 am - 10:00 pm";"12:00 am - 11:59 pm";"06:00 am - 10:00 pm";"12:00 am - 11:59 pm";"06:00 am - 10:00 pm"
12;"Delhi Taekwondo Training Ac...";"+(91)-11-33826990";"B-34, Gate Number-3, Sarvodaya Enclave, Delhi - 110017, Near IIT or Adchini";"5.0";"2";"2010";"javascript:void(0);";"06:00 am - 07:00 pm";"06:00 am - 07:00 pm";"06:00 am - 07:00 pm";"06:00 am - 07:00 pm";"06:00 am - 07:00 pm";"06:00 am - 07:00 pm";"06:00 am - 07:00 pm"
13;"Pacific Sports Complex";"+(91)-11-39549628";"B Block, Andrews Ganj, Delhi - 110049, Near Central School(Map)";"3.8";"856";"2003";"javascript:void(0);";"05:00 am - 10:00 pm";"05:00 am - 10:00 pm";"05:00 am - 10:00 pm";"05:00 am - 10:00 pm";"05:00 am - 10:00 pm";"05:00 am - 10:00 pm";"05:00 am - 10:00 pm"
14;"Jai Hind Judo Karate Club";"+(91)-11-39518268";"C 64, Street Number 4, Mandawali, Delhi - 110092, Opposite Navniti Apartment(Map)";"4.3";"25";"1985";"javascript:void(0);";"04:30 pm - 08:00 pm";"04:30 pm - 08:00 pm";"04:30 pm - 08:00 pm";"04:30 pm - 08:00 pm";"04:30 pm - 08:00 pm";"04:30 pm - 08:00 pm";"04:30 pm - 08:00 pm"
15;"Fightersspeed";"+(91)-11-33078195";"Rz 4, Indra Park, Tilakpul, Pankha Road, Janakpuri, Delhi - 110058, Near Golds Gym And Opposite SBI Bank(Map)";"5.0";"1";"2015";"http://www.fightersspeed.com";"07:00 am - 12:00 pm";"07:00 am - 12:00 pm";"07:00 am - 12:00 pm";"07:00 am - 12:00 pm";"07:00 am - 12:00 pm";"07:00 am - 12:00 pm";"07:00 am - 12:00 pm"
16;"Shito Riyo Sports Karate Do...";"+(91)-11-33083677";"Noida Stadium, Sports Facility Complex, Noida Sector 21, Noida - 201301(Map)";"4.1";"11";"CashMaster CardVisa ";"http://www.sportskarate.in";"12:00 am - 11:59 pm";"12:00 am - 11:59 pm";"12:00 am - 11:59 pm";"12:00 am - 11:59 pm";"12:00 am - 11:59 pm";"12:00 am - 11:59 pm";"12:00 am - 11:59 pm"
17;"Krav Maga Gk-2";"+(91)-11-33428153";"Delhi rock,opp. M-39, Gk -2, Greater Kailash II, Delhi - 110048, Behind nanaksar gurudwara";"3.5";"2";"CashDebit CardsChequ";"javascript:void(0);";"12:00 am - 11:59 pm";"12:00 am - 11:59 pm";"12:00 am - 11:59 pm";"12:00 am - 11:59 pm";"12:00 am - 11:59 pm";"12:00 am - 11:59 pm";"12:00 am - 11:59 pm"
18;"Sanshinkan Mixed Martial Ar...";"+(91)-11-33634656";"Plot Number 159, Gurgaon Sector 56, Gurgaon - 122011, Near Kendriya Vihar(Map)";"4.7";"17";"1998";"http://www.sanshinkan.org";"06:30 am - 09:30 pm";"06:30 am - 09:30 pm";"06:30 am - 09:30 pm";"06:30 am - 09:30 pm";"06:30 am - 09:30 pm";"06:30 am - 09:30 pm";"06:30 am - 12:00 pm"
19;"International Karate Federa...";"+(91)-11-33630657";"Mahavir Model School, Roop Nagar, Delhi - 110007, Opposite Nanak Peo Gurudwara";"4.4";"31";"1998";"http://www.ikfikarate.com";"09:30 am - 06:30 pm";"09:30 am - 06:30 pm";"09:30 am - 06:30 pm";"09:30 am - 06:30 pm";"09:30 am - 06:30 pm";"09:30 am - 06:30 pm";"09:30 am - 06:30 pm"
20;"Trident Tactical Solutions ...";"+(91)-11-33075042";"C 704, Ramphal Chowk, Dwarka Sector 7, Delhi - 110077, Opposite Shiksha Bharti School(Map)";"3.5";"2";"2008";"http://www.tridentadvancecombat.com";"12:00 am - 11:59 pm";"12:00 am - 11:59 pm";"12:00 am - 11:59 pm";"12:00 am - 11:59 pm";"12:00 am - 11:59 pm";"12:00 am - 11:59 pm";"12:00 am - 11:59 pm"
21;"Wizkidz Academy";"+(91)-11-33452568";"P K 35, Noida Sector 122, Noida - 201301, Near Water Tank";"5.0";"2";"2015";"http://wizkidzacademy.com";"08:30 am - 12:00 pm";"08:30 am - 12:00 pm";"08:30 am - 12:00 pm";"08:30 am - 12:00 pm";"08:30 am - 12:00 pm";"08:30 am - 12:00 pm";"Closed"
22;"Red Dragon School Of Martia...";"+(91)-11-33074245";"4/433, Vaishali Sector 4, Ghaziabad - 201010(Map)";"4.0";"3";"2015";"javascript:void(0);";"05:30 am - 05:30 am  06:00 pm - 09:00 pm";"07:00 am - 09:00 am  06:00 pm - 09:00 pm";"05:30 am - 05:30 am  06:00 pm - 09:00 pm";"07:00 am - 09:00 am  06:00 pm - 09:00 pm";"05:30 am - 05:30 am  06:00 pm - 09:00 pm";"07:00 am - 09:00 am";"Closed"
23;"Swartarang Music Academy";"+(91)-11-33062050";"G 7/127, First Floor, Rohini Sector 16, Delhi - 110089, Near Vodafone Store(Map)";"5.0";"1";"2013";"javascript:void(0);";"10:00 am - 08:00 pm";"10:00 am - 08:00 pm";"10:00 am - 08:00 pm";"10:00 am - 08:00 pm";"10:00 am - 08:00 pm";"10:00 am - 08:00 pm";"10:00 am - 08:00 pm"
24;"Samsaraa Fitness Figure";"+(91)-11-33632658";"3, Vaishali, Second Floor, Pitampura, Delhi - 110034, Above Kesar Sweets(Map)";"3.8";"53";"2011";"javascript:void(0);";"06:00 am - 09:00 pm";"06:00 am - 09:00 pm";"06:00 am - 09:00 pm";"06:00 am - 09:00 pm";"06:00 am - 09:00 pm";"06:00 am - 09:00 pm";"06:00 am - 09:00 pm"
25;"Good Health";"+(91)-11-39544330";"Shop Number MS 02, MS 06, MS 07, Shipra Suncity, Regalia Heights Market, Indirapuram, Ghaziabad - 201014, Near Shipra Mall And Cisf Camp(Map)";"3.8";"15";"2002";"javascript:void(0);";"05:30 am - 10:00 pm  12:00 pm - 10:00 pm";"05:30 am - 10:00 pm  12:00 pm - 10:00 pm";"05:30 am - 10:00 pm  12:00 pm - 10:00 pm";"05:30 am - 10:00 pm  12:00 pm - 10:00 pm";"05:30 am - 10:00 pm  12:00 pm - 10:00 pm";"05:30 am - 10:00 pm  12:00 pm - 10:00 pm";"06:00 am - 10:00 am  05:30 pm - 08:00 pm"
26;"Yhc Centre(A Unit Of Yoga H...";"+(91)-11-33087591";"Huda Plot Number 196, Golf Course Road, Gurgaon Sector 56, Gurgaon - 122011, Sector-56(Map)";"4.8";"8";"2013";"http://www.yhcfitness.com";"05:30 am - 07:30 pm";"05:30 am - 07:30 pm";"05:30 am - 07:30 pm";"05:30 am - 07:30 pm";"05:30 am - 07:30 pm";"05:30 am - 07:30 pm";"05:30 am - 07:30 pm"
27;"WMA (WARRIORS MARTIAL-ART GYM)";"+(91)-11-33636940";"Swasthya Vihar Club, Swasthya Vihar, Laxmi Nagar, Delhi - 110092, Behind V3s Mall, Near Bharti Public School(Map)";"3.6";"14";"Feel N Fit Gym, C-17";"http://www.wmagym.com";"07:00 am - 09:00 am";"06:00 pm - 10:00 pm";"06:00 am - 09:00 am";"06:00 pm - 09:00 pm";"06:00 am - 09:00 am";"06:00 pm - 09:00 pm";"Closed"
28;"Kaishogun Martial Arts Spor...";"+(91)-11-33728288";"194, Sector 56, Gurgaon, Gurgaon - 122001(Map)";"4.2";"41";"1990";"javascript:void(0);";"07:00 am - 12:00 pm  04:00 pm - 09:00 pm";"07:00 am - 12:00 pm  04:00 pm - 09:00 pm";"07:00 am - 12:00 pm  04:00 pm - 09:00 pm";"07:00 am - 12:00 pm  04:00 pm - 09:00 pm";"07:00 am - 12:00 pm  04:00 pm - 09:00 pm";"07:00 am - 12:00 pm  04:00 pm - 09:00 pm";"07:00 pm - 12:00 pm  04:00 pm - 09:00 pm"
29;"Ultimate Tactical And Comba...";"+(91)-11-33637736";"M-6 Lower Ground Floor, Saket, Delhi - 110017, Opposite ITC Sheraton(Map)";"5.0";"1";"2004";"http://www.kravmagaindia.in";"07:00 am - 08:00 pm";"07:00 am - 08:00 pm";"07:00 am - 08:00 pm";"07:00 am - 08:00 pm";"07:00 am - 08:00 pm";"07:00 am - 08:00 pm";"09:30 am - 01:00 pm"
30;"Ozone Fitness N Spa";"+(91)-11-45784450";"A-36, Rajouri Garden, Delhi - 110027, Vishal Enclave, Near Vishal Cinema(Map)";"3.9";"91";"2014";"http://www.ozoneclubs.com";"06:30 am - 10:00 pm";"06:30 am - 10:00 pm";"06:30 am - 10:00 pm";"06:30 am - 10:00 pm";"06:30 am - 10:00 pm";"06:30 am - 10:00 pm";"06:30 am - 10:00 pm"
31;"Ryders Sports Academy";"+(91)-124-3256632";"Gurgaon Sector 52, Gurgaon - 122002, Aardee City, Gate No-2, Opposite B-Block";"3.8";"199";"Cash";"Null";"Null";"Null";"Null";"Null";"Null";"Null";"Null"
32;"Crosstrain";"+(91)-11-33062344";"B7-120a Extension, Safdarjung Enclave, Delhi - 110029, Near Sukhmani Hospital(Map)";"4.2";"18";"2013";"http://www.crosstrain.in";"12:00 am - 11:59 pm";"12:00 am - 11:59 pm";"12:00 am - 11:59 pm";"12:00 am - 11:59 pm";"12:00 am - 11:59 pm";"12:00 am - 11:59 pm";"12:00 am - 11:59 pm"
33;"Sangeet Shyamala";"+(91)-11-33741831";"A 11, Vasant Vihar, Delhi - 110057, Infront Of 11/6 Vasant Vihar(Map)";"3.9";"46";"1974";"http://www.sangeetshyamala.in";"11:00 am - 07:00 pm";"11:00 am - 07:00 pm";"11:00 am - 07:00 pm";"11:00 am - 07:00 pm";"11:00 am - 07:00 pm";"11:00 am - 07:00 pm";"Closed"
34;"Spark Kick Boxing Academy";"+(91)-11-33745942";"2154, Fourth Floor, Outram Lines, Kingsway Camp, Delhi - 110009, Above Syndicate Bank(Map)";"4.6";"40";"2010";"http://www.sparkkickboxing.com";"06:30 am - 09:30 pm  05:00 pm - 10:00 pm";"06:30 am - 09:30 pm  05:00 pm - 10:00 pm";"06:30 am - 09:30 pm  05:00 pm - 10:00 pm";"06:30 am - 09:30 pm  05:00 pm - 10:00 pm";"06:30 am - 09:30 pm  05:00 pm - 10:00 pm";"06:30 am - 09:30 pm  05:00 pm - 10:00 pm";"Closed"
35;"Florence Academy";"+(91)-11-65959997";"E-73 -72,(Lgf), South Extension Part-I, Ndse, Delhi - 110049, Near Bengali Sweets, Below Oriental Bank Of Commerce ATM(Map)";"3.1";"10";"Language Classes For";"http://www.florenceeducation.com";"09:30 am - 06:30 pm";"09:30 am - 06:30 pm";"09:30 am - 06:30 pm";"09:30 am - 06:30 pm";"09:30 am - 06:30 pm";"09:30 am - 06:30 pm";"Closed"
36;"Fitness Boom";"+(91)-9899923499";"16/414, H Block, Karol Bagh, Delhi - 110005";"4.0";"2";"2015";"javascript:void(0);";"12:00 am - 11:59 pm";"12:00 am - 11:59 pm";"12:00 am - 11:59 pm";"12:00 am - 11:59 pm";"12:00 am - 11:59 pm";"12:00 am - 11:59 pm";"12:00 am - 11:59 pm"
37;"Black Belt World India";"+(91)-11-33083681";"C 32/B, Nathu Singh Market, Vasant Kunj, Delhi - 110070, Near Vasant Square Mall(Map)";"4.5";"44";"2009";"http://www.blackbeltworldindia.in";"06:00 am - 09:00 pm";"06:00 am - 09:00 pm";"06:00 am - 09:00 pm";"06:00 am - 09:00 pm";"06:00 am - 09:00 pm";"06:00 am - 09:00 pm";"06:00 am - 09:00 pm"
38;"Sanshinkan Mma & Karate Training";"+(91)-11-33433404";"A Block, Pankha Road, Janakpuri, Delhi - 110058, Near Aakash Institute & Gold Gym(Map)";"4.4";"5";"1969";"http://www.martialartt.com";"07:00 am - 10:00 am  07:00 pm - 09:30 pm";"07:00 am - 10:00 am  07:00 pm - 09:30 pm";"07:00 am - 10:00 am  07:00 pm - 09:30 pm";"07:00 am - 10:00 am  07:00 pm - 09:30 pm";"07:00 am - 10:00 am  07:00 pm - 09:30 pm";"07:00 am - 10:00 am  07:00 pm - 09:30 pm";"07:00 am - 10:00 am  07:00 pm - 09:30 pm"
39;"Future Fit";"+(91)-8527269191";"LG-19, South Point Mall, Golf Course Road, Gurgaon, Gurgaon - 122001, Near Genpact Building";"5.0";"2";"Martial Art Training";"http://www.futurefit.in";"09:30 am - 06:30 pm";"09:30 am - 06:30 pm";"09:30 am - 06:30 pm";"09:30 am - 06:30 pm";"09:30 am - 06:30 pm";"09:30 am - 06:30 pm";"Closed"
40;"Austrick Event";"+(91)-9560541278";"917, West End Mall, Janakpuri, Janakpuri, Delhi - 110058, District Centre Janakpuri(Map)";"3.8";"11";"2014";"http://www.austrickevent.com";"12:00 am - 11:59 pm";"12:00 am - 11:59 pm";"12:00 am - 11:59 pm";"12:00 am - 11:59 pm";"12:00 am - 11:59 pm";"12:00 am - 11:59 pm";"12:00 am - 11:59 pm"
41;"Genius Brain Abacus Academy Pv...";"+(91)-11-64522166";"G-155, bank road nr hdfc bank, Vikaspuri, Delhi - 110018, Behind PVR cinema(Map)";"4.4";"17";"Cash";"http://www.geniusbrainindia.com";"09:30 am - 06:30 pm";"09:30 am - 06:30 pm";"09:30 am - 06:30 pm";"09:30 am - 06:30 pm";"09:30 am - 06:30 pm";"09:30 am - 06:30 pm";"09:30 am - 06:30 pm"
42;"Trintity The Dance Activity Pl...";"+(91)-9999705175";"Bh-18, Shalimar Bagh East, Delhi - 110088, Opposite Mc Donalds(Map)";"Null";"0";"CashCheques";"javascript:void(0);";"07:30 am - 08:00 pm";"07:30 am - 08:00 pm";"07:30 am - 08:00 pm";"07:30 am - 08:00 pm";"07:30 am - 08:00 pm";"07:30 am - 08:00 pm";"07:30 am - 08:00 pm"
43;"Taekwon Do Federation Of Delhi";"+(91)-11-26891983";"Rz-34a,Bhawani Kunj,D-2, Vasant Kunj, Delhi - 110070(Map)";"3.9";"15";"Martial Art Training";"http://www.itfindia.com";"12:00 am - 11:59 pm";"12:00 am - 11:59 pm";"12:00 am - 11:59 pm";"12:00 am - 11:59 pm";"12:00 am - 11:59 pm";"12:00 am - 11:59 pm";"12:00 am - 11:59 pm"
44;"Athena Fitness";"+(91)-9891181914";"E-1083-1084,1st Flr, Ramphal Chowk, Dwarka, Delhi - 110075, Sector-7(Map)";"4.4";"21";"CashCheques";"javascript:void(0);";"06:00 am - 12:00 pm";"06:00 am - 12:00 pm";"06:00 am - 12:00 pm";"06:00 am - 12:00 pm";"06:00 am - 12:00 pm";"06:00 am - 12:00 pm";"Closed"
45;"Icon Of Martial Arts And Fitne...";"+(91)-11-33075684";"7869 A, North Campus, Roshanara Road, Delhi - 110007, Opposite Mata Mandir And Near Jaipur Golden Transport(Map)";"Null";"0";"2014";"javascript:void(0);";"07:00 am - 08:00 pm";"07:00 am - 08:00 pm";"07:00 am - 08:00 pm";"07:00 am - 08:00 pm";"07:00 am - 08:00 pm";"07:00 am - 08:00 pm";"Closed"
46;"Aryan Sports & Marshal Arts Club";"+(91)-9911209940";"Plot Number-17, Vaishali Sector 5, Ghaziabad - 201010, Opposite Ocb Bank(Map)";"3.6";"9";"Cash";"javascript:void(0);";"10:00 am - 08:00 pm";"10:00 am - 08:00 pm";"10:00 am - 08:00 pm";"10:00 am - 08:00 pm";"10:00 am - 08:00 pm";"10:00 am - 08:00 pm";"10:00 am - 08:00 pm"
47;"THOMAS KIDS INTERNATIONAL SCHOOL";"+(91)-9873406557";"E-9 JUNGPURA, Jangpura, Delhi - 110014(Map)";"5.0";"1";"2007";"http://www.tkiabacus.com";"07:00 am - 07:30 pm";"07:00 am - 07:30 pm";"07:00 am - 07:30 pm";"07:00 am - 07:30 pm";"07:00 am - 07:30 pm";"07:00 am - 07:30 pm";"07:00 am - 07:30 pm"
48;"Martial Art Academy Of India";"+(91)-8527052750";"Ndse, Delhi - 110049(Map)";"3.9";"23";"Institute Martial Ar";"http://www.kickboxingindia.com";"08:00 am - 09:00 pm";"08:00 am - 09:00 pm";"08:00 am - 09:00 pm";"08:00 am - 09:00 pm";"08:00 am - 09:00 pm";"08:00 am - 09:00 pm";"08:00 am - 09:00 pm"
49;"Friends Academy of Martial arts";"+(91)-11-23545555";"e block , rani jhansi road, Jhandewalan Extension, Delhi - 110055, videocon tower";"4.0";"2";"1986";"Null";"Null";"Null";"Null";"Null";"Null";"Null";"Null"
50;"WORLD TAEKWONDO FEDERATION";"+(91)-9873307801";"Off.G-145, Ram colony, Chattarpur, Delhi - 110074, Ram colony(Map)";"Null";"0";"Martial Art Training";"Null";"Null";"Null";"Null";"Null";"Null";"Null";"Null"
51;"The gym";"+(91)-9818187123";"Kh no-760, Main road burari, Burari, Delhi - 110084, Near bank of baroda(Map)";"5.0";"2";"2008";"javascript:void(0);";"05:00 am - 12:30 pm  04:00 pm - 10:30 pm";"05:00 am - 12:30 pm  04:00 pm - 10:30 pm";"05:00 am - 12:30 pm  04:00 pm - 10:30 pm";"05:00 am - 12:30 pm  04:00 pm - 10:30 pm";"05:00 am - 12:30 pm  04:00 pm - 10:30 pm";"05:00 am - 12:30 pm  04:00 pm - 10:30 pm";"Closed"
52;"Sports Karate Do Organisation ...";"+(91)-11-33086785";"D-439, 3rd Floor, Dwarka Sector 7, Delhi - 110077, Near Ramphal Chowk, Palam Extention(Map)";"3.5";"10";"2005";"javascript:void(0);";"12:00 am - 11:59 pm";"12:00 am - 11:59 pm";"12:00 am - 11:59 pm";"12:00 am - 11:59 pm";"12:00 am - 11:59 pm";"12:00 am - 11:59 pm";"Closed"
53;"Wing Chun Jeet Kune Do Kung Fu...";"+(91)-9911092979";"H No 736 , Wazirabad, Sector- 56, Mata Chowk, Gurgaon, Gurgaon - 122001, Near By Jalvayu Tower";"4.9";"12";"2006";"javascript:void(0);";"05:00 am - 12:00 pm  04:00 pm - 09:00 pm";"05:00 am - 12:00 pm  04:00 pm - 09:00 pm";"05:00 am - 12:00 pm  04:00 pm - 09:00 pm";"05:00 am - 12:00 pm  04:00 pm - 09:00 pm";"05:00 am - 12:00 pm  04:00 pm - 09:00 pm";"05:00 am - 12:00 pm  04:00 pm - 09:00 pm";"05:00 am - 12:00 pm  04:00 pm - 09:00 pm"
54;"Shinann Nawal Dutta Martial Ar...";"+(91)-11-33728337";"A 298, New Friends Colony, Delhi - 110025, Near Lions Hospital & Ashoka Park(Map)";"3.9";"28";"2000";"http://www.goforkarate.com";"09:30 am - 06:30 pm";"09:30 am - 06:30 pm";"09:30 am - 06:30 pm";"09:30 am - 06:30 pm";"09:30 am - 06:30 pm";"09:30 am - 06:30 pm";"09:30 am - 06:30 pm"
55;"Old Monk Martial Arts Club";"+(91)-9971052225";"A-43, St No. 10, Krishna Nagar, Delhi - 110051, New Govind Pura";"4.7";"6";"1985";"javascript:void(0);";"04:00 pm - 08:00 pm";"04:00 pm - 08:00 pm";"04:00 pm - 08:00 pm";"04:00 pm - 08:00 pm";"04:00 pm - 08:00 pm";"04:00 pm - 08:00 pm";"Closed"
56;"Focus Campus";"+(91)-11-33066883";"D 44, Street Number 5 And Bhagat Singh Road, Adarsh Nagar, Delhi - 110033, Near Subhash Park(Map)";"4.6";"5";"2011";"http://www.focuscampusonline.com";"10:00 am - 02:00 pm  04:00 pm - 09:00 pm";"10:00 am - 02:00 pm  04:00 pm - 09:00 pm";"10:00 am - 02:00 pm  04:00 pm - 09:00 pm";"10:00 am - 02:00 pm  04:00 pm - 09:00 pm";"10:00 am - 02:00 pm  04:00 pm - 09:00 pm";"10:00 am - 02:00 pm  04:00 pm - 09:00 pm";"Closed"
57;"Sanshin Kan Mixed Martial Art ...";"+(91)-9136735802";"D-11/40, Rohini Sector 8, Delhi - 110085, Near Rohini East Metro Station(Map)";"3.7";"9";"Aerobic ClassesMarti";"http://www.martial-art.co.in";"09:30 am - 06:30 pm";"09:30 am - 06:30 pm";"09:30 am - 06:30 pm";"09:30 am - 06:30 pm";"09:30 am - 06:30 pm";"09:30 am - 06:30 pm";"09:30 am - 06:30 pm"
58;"Sanshikan Karate Mixed Martial...";"+(91)-11-33436701";"Wz 508/1 Second Floor Basai Darapur, Ramesh Nagar, Delhi - 110015, Near Rajori Garden Ramesh Nagaer Metro Station Gate No 1";"4.5";"2";"1959";"http://www.martial-art.co.in";"07:00 am - 09:00 pm";"07:00 am - 09:00 pm";"07:00 am - 09:00 pm";"07:00 am - 09:00 pm";"07:00 am - 09:00 pm";"07:00 am - 09:00 pm";"07:00 am - 09:00 pm"
59;"The best activity zone";"+(91)-7827876771";"d-9, 14, Bhajan Pura, Delhi - 110053, Near dispensery chowk(Map)";"4.0";"1";"2014";"Null";"09:00 am - 09:00 pm";"09:00 am - 09:00 pm";"09:00 am - 09:00 pm";"09:00 am - 09:00 pm";"09:00 am - 09:00 pm";"09:00 am - 09:00 pm";"Closed"
60;"Israeli Mixed Martial Arts";"+(91)-11-33056472";"Nanaksar Gurudwara Basement, Opposite M-39, Greater Kailash I, Delhi - 110048(Map)";"Null";"0";"2014";"javascript:void(0);";"10:00 am - 08:00 pm";"10:00 am - 08:00 pm";"10:00 am - 08:00 pm";"10:00 am - 08:00 pm";"10:00 am - 08:00 pm";"10:00 am - 08:00 pm";"05:30 am - 05:30 am"
61;"Szoon Theatre & Dance Classes";"+(91)-9999312346";"B-2, Ashok Vihar II-Ashok Vihar, Delhi - 110052, Near Laxmi Narayan Temple(Map)";"4.8";"4";"2008";"http://www.szoonactingschool.com";"Null";"Null";"Null";"Null";"Null";"Null";"Null"
62;"Sports Academy Of Martial Arts";"+(91)-9899210111";"Baby Land Model School, Dall Mill Road, Uttam Nagar, Delhi - 110059, Opp Uttam Nagar Metro Station";"4.8";"9";"2005";"Null";"Null";"Null";"Null";"Null";"Null";"Null";"Null"
63;"Martial Art & Fitness Academy ...";"+(91)-9891999505";"Building Number-I- 62, Beta 2-Greater Noida, Noida - 201310, Near Mother Dairy(Map)";"4.6";"8";"2013";"http://www.maafai.in";"Closed";"06:00 am - 08:00 am";"05:30 am - 05:30 am  06:00 pm - 08:00 pm";"06:00 am - 08:00 am";"05:30 am - 05:30 am  06:00 pm - 08:00 pm";"06:00 am - 08:00 am  06:00 pm - 08:00 pm";"06:00 am - 08:00 am  06:00 pm - 08:00 pm"
64;"Traditional Marshal Art";"+(91)-11-23813093";"B67, Durgapuri, Delhi - 110093, Chock durgapuri";"4.2";"6";"2014";"Null";"05:00 am - 08:00 am";"05:00 am - 08:00 am";"05:00 am - 08:00 am";"05:00 am - 08:00 am";"05:00 am - 08:00 am";"05:00 am - 08:00 am";"Closed"
65;"Martial Arts Coaches Associati...";"+(91)-9213667736";"749/A, Shahdara, Delhi - 110032, Rohtash Nagar(Map)";"4.3";"7";"Judo Karate Classes";"Null";"07:00 am - 08:30 pm  05:00 pm - 07:00 pm";"07:00 am - 08:30 pm  05:00 pm - 07:00 pm";"07:00 am - 08:30 pm  05:00 pm - 07:00 pm";"07:00 am - 08:30 pm  05:00 pm - 07:00 pm";"07:00 am - 08:30 pm  05:00 pm - 07:00 pm";"07:00 am - 08:30 pm  05:00 pm - 07:00 pm";"Closed"
66;"Shaolin Kung Fu Federation Of ...";"+(91)-9990024260";"B-222, Westend Avenue, Lane W8/D, Sainik Farms, Delhi - 110062";"Null";"0";"2011";"http://www.skfi.org";"04:00 pm - 07:30 pm";"04:00 pm - 07:30 pm";"04:00 pm - 07:30 pm";"04:00 pm - 07:30 pm";"04:00 pm - 07:30 pm";"04:00 pm - 07:30 pm";"Closed"
67;"Hooked 2 Martial Arts";"+(91)-11-33082732";"22/67,68, West Patel Nagar, Delhi - 110008, Near Patel Park(Map)";"4.7";"13";"2013";"javascript:void(0);";"Closed";"06:00 pm - 09:00 pm";"Closed";"06:00 pm - 09:00 pm";"Closed";"06:00 pm - 09:00 pm";"06:00 pm - 09:00 pm"
68;"T3P The Third Place";"+(91)-124-6467102";"Shop No.ugf B 241, Super Mart 1, Dlf City Phase IV Gurgaon, Gurgaon - 122002(Map)";"1.0";"1";"Cash";"javascript:void(0);";"10:00 am - 07:00 pm";"Closed";"10:00 am - 07:00 pm";"10:00 am - 07:00 pm";"10:00 am - 07:00 pm";"10:00 am - 07:00 pm";"10:00 am - 07:00 pm"
69;"NEGIS THE SCHOOL OF MARSHAL ARTS";"+(91)-9990399930";"Plot no-328, 60 foot road, shakti khand-4, Indirapuram, Ghaziabad - 201014, Nr Mother Dairy";"5.0";"5";"2012";"http://www.negimma.com";"04:00 pm - 09:00 pm";"05:00 am - 07:30 am";"05:00 am - 07:30 am";"05:00 am - 07:30 am";"05:00 am - 07:30 am";"05:00 am - 08:00 am";"Closed"
70;"Blue ICE Entertainment";"+(91)-9718182201";"E-116, Basement, Rohini, Delhi - 110085, Prashant Vihar, Nr Santan Dharm Mandir";"2.0";"1";"Dance ClassesMusic C";"javascript:void(0);";"09:30 am - 06:30 pm";"09:30 am - 06:30 pm";"09:30 am - 06:30 pm";"09:30 am - 06:30 pm";"09:30 am - 06:30 pm";"09:30 am - 06:30 pm";"09:30 am - 06:30 pm"
71;"Extreme Kickboxing Martial Arts";"+(91)-11-39518990";"Dwarka, Delhi - 110075";"4.8";"13";"2013";"http://www.delhikickboxing.com";"06:00 am - 09:00 pm";"06:00 am - 09:00 pm";"06:00 am - 09:00 pm";"06:00 am - 09:00 pm";"06:00 am - 09:00 pm";"06:00 am - 09:00 pm";"06:00 am - 09:00 pm"
72;"Body Force Gym";"+(91)-9810194427";"Dlf PH-3 Lane-20/24-6, Gurgaon, Gurgaon - 121104, V Blk, Nr Kinder Land School";"4.5";"2";"Cash";"http://bodyforce.in";"06:00 am - 07:00 pm";"06:00 am - 07:00 pm";"06:00 am - 07:00 pm";"06:00 am - 07:00 pm";"06:00 am - 07:00 pm";"06:00 am - 07:00 pm";"Closed"
73;"Evolution Studio Dance And Fit...";"+(91)-11-33054852";"114 Basement, Ambika Vihar, Delhi - 110087(Map)";"Null";"0";"2003";"javascript:void(0);";"12:00 am - 11:59 pm";"12:00 am - 11:59 pm";"12:00 am - 11:59 pm";"12:00 am - 11:59 pm";"12:00 am - 11:59 pm";"12:00 am - 11:59 pm";"12:00 am - 11:59 pm"
74;"LION INSTITUTE OF MARTIAL ART";"+(91)-9990855401";"B-224, Hari Nagar, Delhi - 110064, Behind Deendayal Hospital(Map)";"5.0";"1";"2002";"javascript:void(0);";"07:00 am - 09:00 pm";"07:00 am - 09:00 pm";"07:00 am - 09:00 pm";"07:00 am - 09:00 pm";"07:00 am - 09:00 pm";"07:00 am - 09:00 pm";"Closed"
75;"Modern Martial Art Academy";"+(91)-11-33436780";"E 23, Main Road, Dilshad Colony, Delhi - 110095, Near Suraksha Nursing Home(Map)";"Null";"0";"2014";"javascript:void(0);";"06:00 am - 09:00 pm";"06:00 am - 09:00 pm";"06:00 am - 09:00 pm";"06:00 am - 09:00 pm";"06:00 am - 09:00 pm";"06:00 am - 09:00 pm";"06:00 am - 09:00 pm"
76;"Israeli Self Defence";"+(91)-9999702561";"nanaksar gurdwara compound , Greater Kailash II, Delhi - 110048, opposite m 39(Map)";"4.9";"10";"2010";"Null";"Null";"Null";"Null";"Null";"Null";"Null";"Null"
77;"Deepak marshal arts";"+(91)-9015265782";"12/33, Main road, Katwaria Sarai, Delhi - 110016(Map)";"5.0";"1";"2009";"Null";"07:30 am - 08:00 pm";"07:30 am - 08:00 pm";"07:30 am - 08:00 pm";"07:30 am - 08:00 pm";"07:30 am - 08:00 pm";"07:30 am - 08:00 pm";"Closed"
78;"Asian Goju Ryu Karate WKF";"+(91)-9650118593";"Gali No-4055, Pahar Ganj, Delhi - 110055, Kacheri Wallan, Near New Delhi Railway Station(Map)";"5.0";"1";"1986";"javascript:void(0);";"06:30 am - 07:30 am  05:30 pm - 06:30 pm";"06:30 am - 07:30 am  05:30 pm - 06:30 pm";"06:30 am - 07:30 am  05:30 pm - 06:30 pm";"06:30 am - 07:30 am  05:30 pm - 06:30 pm";"06:30 am - 07:30 am  05:30 pm - 06:30 pm";"06:30 am - 07:30 am  05:30 pm - 06:30 pm";"Closed"
79;"MIX MARTIAL ARTS";"+(91)-8882060892";"H-51, Rama Park, Mohan Garden, Uttam Nagar, Delhi - 110059, Near Sunil Dairy(Map)";"Null";"0";"2011";"Null";"03:00 pm - 09:00 pm";"03:00 pm - 09:00 pm";"03:00 pm - 09:00 pm";"03:00 pm - 09:00 pm";"03:00 pm - 09:00 pm";"03:00 pm - 09:00 pm";"03:00 pm - 09:00 pm"
80;"Kaustav";"+(91)-11-33067691";"Delhi - 110048";"4.0";"2";"2009";"javascript:void(0);";"12:00 am - 11:59 pm";"12:00 am - 11:59 pm";"12:00 am - 11:59 pm";"12:00 am - 11:59 pm";"12:00 am - 11:59 pm";"12:00 am - 11:59 pm";"12:00 am - 11:59 pm"
81;"Martial art coaching centre";"+(91)-9582378094";"Gali No -6, Sec -66, Mamura, Noida - 201307, Near Reliance Building";"3.0";"1";"Cash";"javascript:void(0);";"05:00 am - 07:00 am  06:00 pm - 08:00 pm";"05:00 am - 07:00 am  10:00 am - 06:00 pm";"05:00 am - 07:00 am  10:00 am - 06:00 pm";"05:00 am - 07:00 am  10:00 am - 06:00 pm";"05:00 am - 07:00 am  10:00 am - 06:00 pm";"05:00 am - 07:00 am  10:00 am - 06:00 pm";"Closed"
82;"D Ranger Crew Dance Academy";"+(91)-9711908909";"C-23 Second Floor, Link Road , Vasundhara Sector 15, Ghaziabad - 201012, Near Atal Chowk,Near Allahabad Bank(Map)";"2.6";"5";"2013";"javascript:void(0);";"05:00 am - 10:00 pm";"05:00 am - 10:00 pm";"05:00 am - 10:00 pm";"05:00 am - 10:00 pm";"05:00 am - 10:00 pm";"05:00 am - 10:00 pm";"05:00 am - 10:00 pm"
83;"Karate Academy";"+(91)-120-2777725";"28/2, Ghaziabad, Ghaziabad - 201010, Nr Sanskar Public School,Sec-3";"4.0";"46";"InstitutesMartial Ar";"Null";"10:00 am - 06:00 pm";"10:00 am - 06:00 pm";"10:00 am - 06:00 pm";"10:00 am - 06:00 pm";"10:00 am - 06:00 pm";"10:00 am - 06:00 pm";"Closed"
84;"Seido Karate";"+(91)-9818399388";"Sports & Cultural Club, Noida Sector 15, Noida - 201301, Sec-15 A(Map)";"3.5";"15";"Cash";"http://www.seidokarate-noida.com";"Closed";"Closed";"Closed";"Closed";"Closed";"06:00 pm - 08:00 pm";"Closed"
85;"Kick Boxing Federation India";"+(91)-9911125413";"204.205, 1st Flr, Plot No-11,Durga Cplx, Blk-C, Mayur Vihar Phase II, Delhi - 110091, Nr. Vinod Nagar Bus Stand(Map)";"3.6";"7";"Cash";"http://kickboxingfederationofindia.com";"06:00 am - 06:00 pm";"06:00 am - 06:00 pm";"06:00 am - 06:00 pm";"06:00 am - 06:00 pm";"06:00 am - 06:00 pm";"06:00 am - 06:00 pm";"Closed"
86;"Shitoryu Karate Association";"+(91)-11-33088865";"B 86 Aali Extension, Sarita Vihar, Delhi - 110076";"4.5";"6";"2006";"javascript:void(0);";"09:00 am - 12:00 pm";"09:00 am - 12:00 pm";"09:00 am - 12:00 pm";"09:00 am - 12:00 pm";"09:00 am - 12:00 pm";"09:00 am - 12:00 pm";"09:00 am - 12:00 pm"
87;"Japan Karate Do Kuniba KAI Ind...";"+(91)-11-22304276";"G-201,Anupam Apts, Surajmal Vihar-Anand Vihar, Delhi - 110092, East Arjun Nagar,Shahdara";"3.0";"2";"Martial Art Training";"http://www.goforkarate.com";"10:00 am - 06:00 pm";"10:00 am - 06:00 pm";"10:00 am - 06:00 pm";"10:00 am - 06:00 pm";"10:00 am - 06:00 pm";"10:00 am - 06:00 pm";"Closed"
88;"Shikhar Martial Art Academy";"+(91)-9891173073";"11, Shahdara, Delhi - 110032, Nr Metro Station,Naveen(Map)";"2.0";"1";"Yoga ClassesClubsMar";"Null";"10:00 am - 06:00 pm";"10:00 am - 06:00 pm";"10:00 am - 06:00 pm";"10:00 am - 06:00 pm";"10:00 am - 06:00 pm";"10:00 am - 06:00 pm";"Closed"
89;"Sanshinkan Karate Mixed Martia...";"+(91)-8802222997";"N-8,Metro Pillar No-386, Kailash Colony, Delhi - 110048, Near Big Apple";"4.4";"38";"2011";"http://www.martial-art.co.in";"Closed";"08:00 am - 09:30 am";"Closed";"08:00 am - 09:30 am";"Closed";"08:00 am - 09:30 am";"08:00 am - 09:30 am"
90;"Martal Arts Sports Asociation ...";"+(91)-9910121374";"B-279/5, Gokalpuri, Delhi - 110094, Nehru Vihar(Map)";"Null";"0";"Cash";"Null";"09:30 am - 06:30 pm";"09:30 am - 06:30 pm";"09:30 am - 06:30 pm";"09:30 am - 06:30 pm";"09:30 am - 06:30 pm";"09:30 am - 06:30 pm";"Closed"
91;"Kendriya Arya Yuvak Parishad";"+(91)-11-23985456";"Arya Samaj, Kabir Bharti, Ito, Delhi - 110002(Map)";"3.0";"1";"Martial Art Training";"Null";"10:00 am - 06:00 pm";"10:00 am - 06:00 pm";"10:00 am - 06:00 pm";"10:00 am - 06:00 pm";"10:00 am - 06:00 pm";"10:00 am - 06:00 pm";"Closed"
92;"Self Defence and Fitness Academy";"+(91)-8285111163";"Saket, Delhi - 110017";"Null";"0";"Martial Art Training";"Null";"Null";"Null";"Null";"Null";"Null";"Null";"Null"
93;"Martial Art and Fitness Traini...";"Null";"New Delhi, Delhi - 110001";"Null";"0";"Cash";"http://https://www.facebook.com/martialarttraining";"09:00 am - 09:00 pm";"09:00 am - 09:00 pm";"09:00 am - 09:00 pm";"09:00 am - 09:00 pm";"09:00 am - 09:00 pm";"09:00 am - 09:00 pm";"09:00 am - 09:00 pm"
94;"I S academy";"+(91)-11-33989263";"shanti niketan public school, Karawal Nagar, Delhi - 110094";"4.0";"1";"CashCheques";"javascript:void(0);";"09:30 am - 06:30 pm";"09:30 am - 06:30 pm";"09:30 am - 06:30 pm";"09:30 am - 06:30 pm";"09:30 am - 06:30 pm";"09:30 am - 06:30 pm";"Closed"
95;"Delhi Taekwando Training Academy";"+(91)-11-33086014";"261-2B, Westend Marg And The Garden Of The Five Sences Road, Saket, Delhi - 110017, Near Saket Metro Station Gate No 2(Map)";"4.3";"6";"2010";"javascript:void(0);";"05:30 am - 10:00 pm";"05:30 am - 10:00 pm";"05:30 am - 10:00 pm";"05:30 am - 10:00 pm";"05:30 am - 10:00 pm";"05:30 am - 10:00 pm";"05:30 am - 10:00 pm"
96;"Aikido Aikikai Instructors";"+(91)-9911179274";"2/50m, Niti Mg, Chanakya Puri, Delhi - 110021(Map)";"5.0";"1";"Martial Art Training";"Null";"09:30 am - 06:30 pm";"09:30 am - 06:30 pm";"09:30 am - 06:30 pm";"09:30 am - 06:30 pm";"09:30 am - 06:30 pm";"09:30 am - 06:30 pm";"Closed"
97;"THE DOJANG";"+(91)-9871524845";"162-A/9, Vasant Kunj, Delhi - 110070, Near Fortis Hospital, Kishan Garh(Map)";"Null";"0";"CashCheques";"http://www.leanmartialarts.in";"08:00 am - 08:00 pm";"08:00 am - 08:00 pm";"08:00 am - 08:00 pm";"08:00 am - 08:00 pm";"08:00 am - 08:00 pm";"08:00 am - 01:00 pm";"08:00 am - 01:00 pm"
98;"Martial Arts in do Kick Fedration";"+(91)-8802973090";"K-201, Ashok Vihar, Delhi - 110052, Jj C Ashok Vihar(Map)";"4.5";"2";"CashCheques";"javascript:void(0);";"09:30 am - 06:30 pm";"09:30 am - 06:30 pm";"09:30 am - 06:30 pm";"09:30 am - 06:30 pm";"09:30 am - 06:30 pm";"09:30 am - 06:30 pm";"Closed"
99;"Vishal Mehandi Art";"+(91)-9818016267";"C-4e, Janakpuri, Delhi - 110058, Main Market, Near Nishant Jewellers(Map)";"Null";"0";"Beauty ParloursMarti";"Null";"11:00 am - 09:00 pm";"11:00 am - 09:00 pm";"Closed";"11:00 am - 09:00 pm";"11:00 am - 09:00 pm";"11:00 am - 09:00 pm";"11:00 am - 09:00 pm"
100;"Simna Martial Arts Organization";"+(91)-9718259156";"C 3449a, Janakpuri, Delhi - 110058, Nr Ram Mandir Gurudwara";"4.8";"42";"Cash";"javascript:void(0);";"09:30 am - 06:30 pm";"09:30 am - 06:30 pm";"09:30 am - 06:30 pm";"09:30 am - 06:30 pm";"09:30 am - 06:30 pm";"09:30 am - 06:30 pm";"09:30 am - 06:30 pm"
101;"Jnt Martial Art Academy";"+(91)-11-25082382";"Ramphal Chowk,C-404, 1st Floor , Dwarka Sector 7, Delhi - 110077(Map)";"3.5";"2";"CashCheques";"javascript:void(0);";"09:30 am - 06:30 pm";"09:30 am - 06:30 pm";"09:30 am - 06:30 pm";"09:30 am - 06:30 pm";"09:30 am - 06:30 pm";"09:30 am - 06:30 pm";"09:30 am - 06:30 pm"
102;"Invictus Combat Safety Wellness";"+(91)-9999236700";"Plot Number- 311, Gurgaon Sector 22, Gurgaon - 122015, Near Rotary Public School, Sector -22a(Map)";"4.8";"4";"CashDebit CardsChequ";"Null";"06:00 am - 09:00 pm";"06:00 am - 09:00 pm";"06:00 am - 09:00 pm";"06:00 am - 09:00 pm";"06:00 am - 09:00 pm";"06:00 am - 09:00 pm";"06:00 am - 09:00 pm"
103;"All Delhi Karate Association";"+(91)-11-33720598";"B-5,vishwas apprtmenet,vishwas park,gali no-1A, Dwarka, Delhi - 110075, dwarka-4(oppsite rajapuri red light)";"4.0";"101";"Yoga ClassesMartial ";"javascript:void(0);";"10:00 am - 06:00 pm";"10:00 am - 06:00 pm";"10:00 am - 06:00 pm";"10:00 am - 06:00 pm";"10:00 am - 06:00 pm";"10:00 am - 06:00 pm";"Closed"
104;"UFCA Ultimate Fitness & Comat ...";"+(91)-11-33041203";"Plot Number 135, 2nd Floor, Housing Complex, Main Kakrola Road, Dwarka, Delhi - 110075, Metro Piller Number 789 And Near Dwarka More Metro Station";"4.4";"9";"2009";"http://www.ufca.in";"07:00 am - 07:00 pm";"07:00 am - 07:00 pm";"07:00 am - 07:00 pm";"07:00 am - 07:00 pm";"07:00 am - 07:00 pm";"07:00 am - 07:00 pm";"06:00 am - 12:00 pm"
105;"Physique First";"+(91)-11-33742210";"Basement, Dahiya Complex, Jain Road, Uttam Nagar, Delhi - 110059, Near Dance & Sports Academy(Map)";"5.0";"1";"2014";"javascript:void(0);";"05:00 am - 10:00 am  05:00 pm - 10:00 pm";"05:00 am - 10:00 am  05:00 pm - 10:00 pm";"05:00 am - 10:00 am  05:00 pm - 10:00 pm";"05:00 am - 10:00 am  05:00 pm - 10:00 pm";"05:00 am - 10:00 am  05:00 pm - 10:00 pm";"05:00 am - 10:00 am  05:00 pm - 10:00 pm";"Closed"
106;"Kickers Taekwondo Academy";"+(91)-11-33720928";"33/6 , Ground Floor, Noida Sector 82, Noida - 201304, Pkt - 7 , Ews";"4.4";"7";"1997";"javascript:void(0);";"07:00 am - 08:00 pm";"07:00 am - 08:00 pm";"07:00 am - 08:00 pm";"07:00 am - 08:00 pm";"07:00 am - 08:00 pm";"07:00 am - 08:00 pm";"Closed"
107;"Sbss Club Karate Classes";"+(91)-9999167127";"Main Road, Nirman Vihar, Delhi - 110092, Opposite Madhuban Park, Shishu Mangal School(Map)";"4.5";"2";"1987";"javascript:void(0);";"05:30 pm - 07:30 pm";"05:30 pm - 07:30 pm";"05:30 pm - 07:30 pm";"05:30 pm - 07:30 pm";"05:30 pm - 07:30 pm";"05:30 pm - 07:30 pm";"Closed"
108;"Fitnsecure";"+(91)-9810114686";"F-180 A Ground Floor, Mangal Bazaar Road, Laxmi Nagar, Delhi - 110092, Near Sethi Dharamshala";"3.7";"3";"2010";"http://www.fitnsecure.com";"10:00 am - 10:00 pm";"10:00 am - 10:00 pm";"10:00 am - 10:00 pm";"10:00 am - 10:00 pm";"10:00 am - 10:00 pm";"10:00 am - 10:00 pm";"Closed"
109;"3F Fitness Freaks Forever";"+(91)-9891765732";"B block park, sector 49, Noida, Noida - 201008, opp prayag hospital";"5.0";"2";"2013";"Null";"06:30 am - 08:00 pm";"06:30 am - 08:00 pm";"06:30 am - 08:00 pm";"06:30 am - 08:00 pm";"06:30 am - 08:00 pm";"06:30 am - 08:00 pm";"Closed"
110;"Tycondo classes";"+(91)-7709259538";"House no 15, D block, Phi -1, Greater Noida, Noida - 201310, Awho road";"Null";"0";"2000";"javascript:void(0);";"10:00 am - 08:30 pm";"10:00 am - 08:30 pm";"10:00 am - 08:30 pm";"10:00 am - 08:30 pm";"10:00 am - 08:30 pm";"10:00 am - 08:30 pm";"10:00 am - 08:30 pm"
111;"Kuldeep Kumar Soni";"+(91)-9927252045";"Meerut Road, Ghaziabad, Ghaziabad - 201001, Near Shriram Piston & Rings Ltd";"Null";"0";"2008";"javascript:void(0);";"05:00 pm - 06:00 pm";"05:00 pm - 06:00 pm";"Closed";"05:00 pm - 06:00 pm";"05:00 pm - 06:00 pm";"05:00 pm - 06:00 pm";"05:00 pm - 06:00 pm"
112;"Ghaziabad Karate School";"+(91)-9871199108";"Noida Sector 61, Noida - 201307, D Block Park,Behind Sec-58 Police Station";"5.0";"1";"Mix Martial Art Clas";"javascript:void(0);";"Closed";"06:00 am - 07:00 am";"06:00 am - 07:00 am";"06:00 am - 07:00 am  06:00 pm - 07:00 pm";"06:00 am - 07:00 am  06:00 pm - 07:00 pm";"06:00 am - 07:00 am  06:00 pm - 07:00 pm";"06:00 am - 07:00 am  06:00 pm - 07:00 pm"
113;"Xtrenght Mma And Fitness";"+(91)-8860613516";"House Number 905, 34 Pavelion Supertech, Noida Sector 34, Noida - 201307";"1.0";"1";"2013";"javascript:void(0);";"06:00 am - 10:00 pm";"06:00 am - 10:00 pm";"06:00 am - 10:00 pm";"06:00 am - 10:00 pm";"06:00 am - 10:00 pm";"06:00 am - 10:00 pm";"06:00 am - 10:00 pm"
114;"Rhythm zone  ( fun learning ac...";"+(91)-9650380100";"Plot no-13 , Sector -5, Vaishali, Ghaziabad - 201012, Near needs super store(Map)";"5.0";"2";"CashCheques";"javascript:void(0);";"12:00 am - 11:59 pm";"12:00 am - 11:59 pm";"12:00 am - 11:59 pm";"12:00 am - 11:59 pm";"12:00 am - 11:59 pm";"12:00 am - 11:59 pm";"12:00 am - 11:59 pm"
115;"Fitness Training";"+(91)-9873411114";"Aditya mega city, vaibhav khand, Indirapuram, Ghaziabad - 201014(Map)";"2.0";"1";"2000";"javascript:void(0);";"09:30 am - 06:30 pm";"09:30 am - 06:30 pm";"09:30 am - 06:30 pm";"09:30 am - 06:30 pm";"09:30 am - 06:30 pm";"09:30 am - 06:30 pm";"09:30 am - 06:30 pm"
116;"CHINESE KUNG FU";"+(91)-9716621177";"A-1280,Upper Flr, Mayur Vihar Phase III, Delhi - 110096, G D Clny(Map)";"4.0";"1";"Cash";"javascript:void(0);";"07:00 am - 09:30 am";"07:00 am - 09:30 am";"07:00 am - 09:30 am";"07:00 am - 09:30 am";"07:00 am - 09:30 am";"07:00 am - 09:30 am";"07:00 am - 09:30 am"
117;"Nithya Chaitanya Kalari clinic";"+(91)-11-22617754";"B-94, Mayur Vihar Phase III, Delhi - 110096, Near Ryan International School, Pocket A-2(Map)";"4.0";"1";"Martial Art Training";"javascript:void(0);";"09:30 am - 06:30 pm";"09:30 am - 06:30 pm";"09:30 am - 06:30 pm";"09:30 am - 06:30 pm";"09:30 am - 06:30 pm";"09:30 am - 06:30 pm";"Closed"
118;"BLS School Of Film Performing Art";"+(91)-120-2942965";"Mohan Nagar, Ghaziabad, Ghaziabad - 201010, Op Mohan Meains Factory";"Null";"0";"Martial Art Training";"Null";"10:00 am - 06:00 pm";"10:00 am - 06:00 pm";"10:00 am - 06:00 pm";"10:00 am - 06:00 pm";"10:00 am - 06:00 pm";"10:00 am - 06:00 pm";"Closed"
119;"Delhi Budo Association";"+(91)-9654819477";"House No. 303, ParparGunj, Mayur Vihar Phase I, Delhi - 110091, Near Mayur ViharPh 1 Metro Station(Map)";"4.0";"1";"Cash";"Null";"Null";"Null";"Null";"Null";"Null";"Null";"Null"
120;"Red Dragon Academy of Martial ...";"+(91)-9999067816";"4/433, Vaishali Sector 4, Ghaziabad - 201010, Sanfort School";"4.0";"1";"2015";"javascript:void(0);";"06:00 pm - 09:00 pm";"07:00 am - 09:00 pm";"06:00 pm - 09:00 pm";"07:00 am - 09:00 pm";"06:00 pm - 09:00 pm";"07:00 am - 09:00 am";"Closed"
121;"kalarikendramdelhi";"+(91)-11-22612651";"A-804 GD Colony, Mayur vihar phase-3, Mayur Vihar Phase Iii, Delhi - 110096, hanuman mandir";"4.0";"1";"2006";"http://www.kalarikendramdelhi.in/";"Null";"Null";"Null";"Null";"Null";"Null";"Null"
122;"Sports Karate-Do Association o...";"+(91)-9811403793";"A-23, Sector 23, Noida Sector 23, Noida - 201301";"Null";"0";"CashCheques";"javascript:void(0);";"07:00 am - 08:00 pm";"07:00 am - 08:00 pm";"07:00 am - 08:00 pm";"07:00 am - 08:00 pm";"07:00 am - 08:00 pm";"07:00 am - 08:00 pm";"07:00 am - 08:00 pm"
123;"vision united sports management";"+(91)-9711399385";"noida extn, noida, Noida - 201301, nh 24";"5.0";"1";"2009";"http://www.vusports.co.in";"12:00 am - 11:59 pm";"12:00 am - 11:59 pm";"12:00 am - 11:59 pm";"12:00 am - 11:59 pm";"12:00 am - 11:59 pm";"12:00 am - 11:59 pm";"12:00 am - 11:59 pm"
124;"SIP ABACUS & Brain Gym";"+(91)-9999319881";"Flat No-A-106, Basemant, Kaushambi, Kaushambi, Ghaziabad - 201012, Opp Angal Mega Mall(Map)";"5.0";"2";"Cash";"Null";"02:00 pm - 08:00 pm";"02:00 pm - 08:00 pm";"02:00 pm - 08:00 pm";"02:00 pm - 08:00 pm";"02:00 pm - 08:00 pm";"02:00 pm - 08:00 pm";"Closed"
125;"Martial Art Coach";"+(91)-9213808225";"H No 427, Khichripur-Mayur Vihar Phase II, Delhi - 110091, Blk-3(Map)";"Null";"0";"Cash";"Null";"09:30 am - 06:30 pm";"09:30 am - 06:30 pm";"09:30 am - 06:30 pm";"09:30 am - 06:30 pm";"09:30 am - 06:30 pm";"09:30 am - 06:30 pm";"Closed"
126;"Max Fitness Center";"+(91)-8506887470";"19 A Pocket B, Mayur Vihar Phase II, Delhi - 110091";"Null";"0";"2013";"javascript:void(0);";"12:00 am - 11:59 pm";"12:00 am - 11:59 pm";"12:00 am - 11:59 pm";"12:00 am - 11:59 pm";"12:00 am - 11:59 pm";"12:00 am - 11:59 pm";"Closed"
127;"Azad Modern Sports Club";"+(91)-9818136214";"A-3/B-1, Vishwakarma colony, Near M B road, Pul Prahladpur, Delhi - 110044, Nr vishwkarma mandir(Map)";"2.0";"1";"Cash";"javascript:void(0);";"08:00 am - 10:00 pm";"08:00 am - 10:00 pm";"08:00 am - 10:00 pm";"08:00 am - 10:00 pm";"08:00 am - 10:00 pm";"08:00 am - 10:00 pm";"08:00 am - 10:00 pm"
128;"Universal Talent Academy";"+(91)-11-33982660";"349/5, Asha Ram Gali Number 4, Mandawali, Delhi - 110092, Near Ambedkaar Bhaawan";"4.2";"5";"Cash";"javascript:void(0);";"03:00 pm - 07:00 pm";"03:00 pm - 07:00 pm";"03:00 pm - 07:00 pm";"03:00 pm - 07:00 pm";"03:00 pm - 07:00 pm";"03:00 pm - 07:00 pm";"Closed"
129;"Kolkata Bengal House";"+(91)-9811243467";"7A, J & K Pocket, Dilshad Garden, Delhi - 110095, DDA Market(Map)";"Null";"0";"Cash";"Null";"10:00 am - 09:00 pm";"10:00 am - 09:00 pm";"10:00 am - 09:00 pm";"10:00 am - 09:00 pm";"10:00 am - 09:00 pm";"10:00 am - 09:00 pm";"10:00 am - 09:00 pm"
130;"Kshastra";"+(91)-9953409557";"69, Anarkali Colony South, Delhi - 110051, Nr Community Centre(Map)";"4.4";"8";"2005";"http://www.kshastragroup.com";"05:00 am - 10:00 am  04:00 pm - 10:00 pm";"05:00 am - 10:00 am  04:00 pm - 10:00 pm";"05:00 am - 10:00 am  04:00 pm - 10:00 pm";"05:00 am - 10:00 am  04:00 pm - 10:00 pm";"05:00 am - 10:00 am  04:00 pm - 10:00 pm";"05:00 am - 10:00 am  04:00 pm - 10:00 pm";"Closed"
131;"Littlegym";"+(91)-11-26464246";"Mount Kailash tower 1, East Of Kailash, Delhi - 110065, Near dps school, east of Kailash";"Null";"0";"Martial Art Training";"Null";"Null";"Null";"Null";"Null";"Null";"Null";"Null"
132;"Delhi MMA";"+(91)-8588834910";"R-23 , Nehru Enclave, Kalkaji, Delhi - 110019, Nehru Place Flyover";"Null";"0";"1985";"http://www.martialartsdelhi.com";"Null";"Null";"Null";"Null";"Null";"Null";"Null"
133;"Sanshinkan Self Defence & Mart...";"+(91)-9999396387";"Defence Colony, Defence Colony, Defence Colony, Delhi - 110024, Defence Colony, Near Mool Chand Metro Station, New Delhi.";"Null";"0";"CashCheques";"http://www.martialartt.com";"Null";"Null";"Null";"Null";"Null";"Null";"Null"
134;"Karate king";"+(91)-9953597727";"1814/14, Kalkaji extn, Kalkaji, Delhi - 110019(Map)";"3.0";"1";"2013";"Null";"10:00 am - 08:30 pm";"10:00 am - 08:30 pm";"10:00 am - 08:30 pm";"10:00 am - 08:30 pm";"10:00 am - 08:30 pm";"10:00 am - 08:30 pm";"10:00 am - 08:30 pm"
135;"Sma Academy";"+(91)-9716926042";"J-56, Dda flats, Rampuri-Kalkaji, Delhi - 110019(Map)";"Null";"0";"2015";"javascript:void(0);";"10:00 am - 08:00 pm";"10:00 am - 08:00 pm";"10:00 am - 08:00 pm";"10:00 am - 08:00 pm";"10:00 am - 08:00 pm";"10:00 am - 08:00 pm";"10:00 am - 08:00 pm"
136;"Valley Of Kids";"+(91)-11-39519064";"B-58, 45, East Of Kailash, Delhi - 110065, near hdfc bank(Map)";"4.2";"5";"Dance ClassesMusic C";"http://www.valleyofkids.com";"Null";"Null";"Null";"Null";"Null";"Null";"Null"
137;"Knockout Fight Club";"+(91)-9810021001";"R-23 Nehru Enclave, GK I, Greater Kailash, Delhi - 110048, Nehru Place flyover(Map)";"Null";"0";"1834";"http://www.martialartsdelhi.in";"Null";"Null";"Null";"Null";"Null";"Null";"Null"
138;"Titans Combat & Fitness Academy";"+(91)-8376969300";"D-205, Basement, Lajpat Nagar 1-Lajpat Nagar, Delhi - 110024, Near Lajpat Nagar Railway Station(Map)";"4.6";"8";"Cash";"http://www.skdharani.com";"07:00 am - 10:00 am  05:00 pm - 09:00 pm";"07:00 am - 10:00 am  05:00 pm - 09:00 pm";"07:00 am - 10:00 am  05:00 pm - 09:00 pm";"07:00 am - 10:00 am  05:00 pm - 09:00 pm";"07:00 am - 10:00 am  05:00 pm - 09:00 pm";"07:00 am - 10:00 am  05:00 pm - 09:00 pm";"07:00 am - 10:00 am  05:00 pm - 09:00 pm"
139;"Delhi Academy Of Music & Dance";"+(91)-9717058535";"E-281 Basement, Greater Kailash II, Delhi - 110048, Near M Block Market";"Null";"0";"2010";"javascript:void(0);";"12:00 pm - 09:00 pm";"12:00 pm - 09:00 pm";"12:00 pm - 09:00 pm";"12:00 pm - 09:00 pm";"12:00 pm - 09:00 pm";"12:00 pm - 09:00 pm";"12:00 pm - 09:00 pm"
140;"Natraj dance and music class";"+(91)-8586892880";"F-3/38, Main road, Sangam Vihar, Delhi - 110080, Shiv Durga Mandir(Map)";"Null";"0";"2012";"javascript:void(0);";"07:00 am - 10:00 pm";"07:00 am - 10:00 pm";"07:00 am - 10:00 pm";"07:00 am - 10:00 pm";"07:00 am - 10:00 pm";"07:00 am - 10:00 pm";"07:00 am - 10:00 pm"
141;"Cobrasgym Kickboxing Muay Thai...";"Null";"10/245, Greater Kailash II, Delhi - 110048, S-Blk(Map)";"Null";"0";"Cash";"Null";"07:00 am - 09:00 pm";"07:00 am - 09:00 pm";"07:00 am - 09:00 pm";"07:00 am - 09:00 pm";"07:00 am - 09:00 pm";"07:00 am - 09:00 pm";"Closed"
142;"World Finger Kune do Kung";"+(91)-9718912474";"509, St No. 14, Maujpur, Delhi - 110053, Vijay Park";"Null";"0";"Cash";"Null";"08:00 am - 09:00 pm";"08:00 am - 09:00 pm";"08:00 am - 09:00 pm";"08:00 am - 09:00 pm";"08:00 am - 09:00 pm";"08:00 am - 09:00 pm";"08:00 am - 09:00 pm"
143;"Sanjay Kumar (Martial Arts )";"+(91)-11-26042606";"B-917, Rampat Wali Gali, Sangam Vihar, Delhi - 110080, Near Rock Gym";"5.0";"3";"Martial Art Training";"javascript:void(0);";"05:30 am - 07:00 am  05:00 pm - 08:00 pm";"05:30 am - 07:00 am  05:00 pm - 08:00 pm";"05:30 am - 07:00 am  05:00 pm - 08:00 pm";"05:30 am - 07:00 am  05:00 pm - 08:00 pm";"05:30 am - 07:00 am  05:00 pm - 08:00 pm";"05:30 am - 07:00 am  05:00 pm - 08:00 pm";"05:30 am - 07:00 am  05:00 pm - 08:00 pm"
144;"ERIC TAEKWONDO ACADEMY";"+(91)-9810207511";"No. 782, Devli Village, Khanpur, Delhi - 110062";"Null";"0";"2010";"javascript:void(0);";"12:00 am - 11:59 pm";"12:00 am - 11:59 pm";"12:00 am - 11:59 pm";"12:00 am - 11:59 pm";"12:00 am - 11:59 pm";"12:00 am - 11:59 pm";""
145;"Global School Of Martial Arts";"+(91)-9654250485";"Pushp Vihar Sector 7, Delhi - 110017, Model Park";"5.0";"3";"2015";"javascript:void(0);";"05:00 pm - 08:00 pm  06:00 am - 09:00 am";"05:00 pm - 08:00 pm  06:00 am - 09:00 am";"05:00 pm - 08:00 pm  06:00 am - 09:00 am";"05:00 pm - 08:00 pm  06:00 am - 09:00 am";"05:00 pm - 08:00 pm  06:00 am - 09:00 am";"05:00 pm - 08:00 pm  06:00 am - 09:00 am";"05:00 pm - 08:00 pm  06:00 am - 09:00 am"
146;"Cushy Win Martial Art";"+(91)-9899386542";"39/9, Matke Wali Gali, Jaffrabad, Delhi - 110053, Near Primary School";"Null";"0";"1985";"javascript:void(0);";"06:00 am - 08:00 am  06:30 pm - 08:30 pm";"06:00 am - 08:00 am  06:30 pm - 08:30 pm";"06:00 am - 08:00 am  06:30 pm - 08:30 pm";"06:00 am - 08:00 am  06:30 pm - 08:30 pm";"06:00 am - 08:00 am  06:30 pm - 08:30 pm";"06:00 am - 08:00 am  06:30 pm - 08:30 pm";"Closed"
147;"The steps";"+(91)-9718470629";"C 71 jawahar park, Khanpur, Delhi - 110062(Map)";"Null";"0";"2006";"Null";"06:30 am - 07:30 pm";"06:30 am - 07:30 pm";"06:30 am - 07:30 pm";"06:30 am - 07:30 pm";"06:30 am - 07:30 pm";"06:30 am - 07:30 pm";"06:30 am - 07:30 pm"
148;"WARRIORS COMBAT MARTIAL ARTS";"+(91)-8588981567";"294, SOUTH DELHI, Sadiq Nagar, Delhi - 110049, SOUTH DELHI";"Null";"0";"CashCheques";"http://www.taekwondodelhi.com";"12:00 am - 11:59 pm";"04:00 am - 09:00 am";"04:00 am - 09:00 am";"04:30 am - 09:00 am";"05:00 am - 09:00 am";"05:00 am - 09:00 am";"05:30 am - 09:00 am"
149;"MTA academy";"+(91)-9873274011";"shop no. G-7, masjid moth, South Extension 2, Delhi - 110049, Leela ram market(Map)";"Null";"0";"2015";"Null";"05:00 am - 06:00 am";"05:00 am - 06:00 am";"05:00 am - 06:00 am";"05:00 am - 06:00 am";"05:00 am - 06:00 am";"05:00 am - 06:00 am";"05:00 am - 06:00 am"
150;"R.D.M.A";"+(91)-11-22942229";"J-281/37, 7, Usmanpur, Delhi - 110053, Vijay Coloney Usmanpur(Map)";"Null";"0";"2001";"Null";"10:00 am - 06:30 pm";"10:00 am - 06:30 pm";"10:00 am - 06:30 pm";"10:00 am - 06:30 pm";"10:00 am - 06:30 pm";"10:00 am - 06:30 pm";"Closed"
151;"Himanshu Art Institute Profess...";"+(91)-9897401099";"Shop No- 5a & 6a, Gandhi Market, Modi Nagar, Ghaziabad - 201204, Opposite Bus Stand";"1.0";"1";"Arts & Crafts Classe";"javascript:void(0);";"09:30 am - 07:00 pm";"09:30 am - 07:00 pm";"09:30 am - 07:00 pm";"09:30 am - 07:00 pm";"09:30 am - 07:00 pm";"09:30 am - 07:00 pm";"Closed"
152;"Taekwondo sports academy";"+(91)-9818881928";"4 club road,anupam garden, Ignou road, Sainik Farms, Delhi - 110062, Fuel gym";"Null";"0";"1992";"javascript:void(0);";"06:00 am - 08:00 am  06:00 pm - 08:00 pm";"06:00 am - 08:00 am  06:00 pm - 08:00 pm";"06:00 am - 08:00 am  06:00 pm - 08:00 pm";"06:00 am - 08:00 am  06:00 pm - 08:00 pm";"06:00 am - 08:00 am  06:00 pm - 08:00 pm";"06:00 am - 08:00 am  06:00 pm - 08:00 pm";"Closed"
153;"New Delhi Aikido";"+(91)-11-29544860";"C-101/C,2nd Flr, Malviya Nagar, Delhi - 110017, Right Side,Panchsheel Vhr(Map)";"Null";"0";"ClubsMartial Art Tra";"javascript:void(0);";"10:00 am - 06:00 pm";"10:00 am - 06:00 pm";"10:00 am - 06:00 pm";"10:00 am - 06:00 pm";"10:00 am - 06:00 pm";"10:00 am - 06:00 pm";"Closed"
154;"Suman Gogi";"+(91)-11-26689118";"Hauz Rani Govt School, Malviya Nagar, Delhi - 110017(Map)";"Null";"0";"Timing : 4 To 7pm";"Null";"10:00 am - 06:00 pm";"10:00 am - 06:00 pm";"10:00 am - 06:00 pm";"10:00 am - 06:00 pm";"10:00 am - 06:00 pm";"10:00 am - 06:00 pm";"Closed"
155;"Delhi Taekwondo Training Academy";"+(91)-8860553257";"Saket, Delhi - 110017, near saket metro";"5.0";"2";"2005";"Null";"Null";"Null";"Null";"Null";"Null";"Null";"Null"
156;"The Vayayam Club";"+(91)-9560563231";"a 329, bunshar colony, Chandni Chowk, Delhi - 110006, ashok vihat 2(Map)";"4.0";"1";"1985";"javascript:void(0);";"07:00 am - 09:00 am  04:00 pm - 07:00 pm";"07:00 am - 09:00 am  04:00 pm - 07:00 pm";"07:00 am - 09:00 am  04:00 pm - 07:00 pm";"07:00 am - 09:00 am  04:00 pm - 07:00 pm";"07:00 am - 09:00 am  04:00 pm - 07:00 pm";"07:00 am - 09:00 am  04:00 pm - 07:00 pm";"Closed"
157;"Delhi Kungfu Club";"+(91)-9582754191";"Safdarjung Enclave, Delhi - 110029, Near Green Park Metro Station & Safdarjung Enclave or Rk Khanna Tennis Stadium, Deer Park, Opposite";"5.0";"1";"Cash";"javascript:void(0);";"Closed";"Closed";"Closed";"Closed";"Closed";"05:00 pm - 06:30 pm";"05:00 pm - 06:30 pm"
158;"Kombat Fitness Academy";"+(91)-9711066855";"District Park, Africa Avenue, Hauz Khas, Delhi - 110016(Map)";"4.0";"4";"Cash";"javascript:void(0);";"05:00 am - 09:00 pm";"05:00 am - 09:00 pm";"05:00 am - 09:00 pm";"05:00 am - 09:00 pm";"05:00 am - 09:00 pm";"05:00 am - 09:00 pm";"05:00 am - 09:00 pm"
159;"Institute of Martial Arts";"+(91)-7065811998";"G-8, Lower Ground Floor, Hauz khas Market, Hauz Khas, Delhi - 110016, Below HDFC Bank";"Null";"0";"2015";"http://www.instituteofmartialarts.co.in";"06:00 am - 10:00 pm";"06:00 am - 10:00 pm";"06:00 am - 10:00 pm";"06:00 am - 10:00 pm";"06:00 am - 10:00 pm";"06:00 am - 10:00 pm";"06:00 am - 10:00 pm"
160;"Goldi taekando";"+(91)-9540085078";"F2, Main road, Katwaria Sarai, Delhi - 110016(Map)";"1.0";"1";"2006";"Null";"10:00 am - 07:00 pm";"10:00 am - 07:00 pm";"10:00 am - 07:00 pm";"10:00 am - 07:00 pm";"10:00 am - 07:00 pm";"10:00 am - 07:00 pm";"Closed"
161;"Tong IL Moo Do Association";"+(91)-9312403692";"Malik Palace 1st Flr, Loni, Ghaziabad - 201102, Na Info Solution";"Null";"0";"Martial Art Training";"Null";"Null";"Null";"Null";"Null";"Null";"Null";"Null"
162;"BLACK TAEK.";"+(91)-9810663411";"A-93/2., Nanda Hospital Wali Gali ., Chattarpur, Delhi - 110074, Nanda Hospital.(Map)";"Null";"0";"2009";"javascript:void(0);";"08:30 am - 08:30 pm";"08:30 am - 08:30 pm";"08:30 am - 08:30 pm";"08:30 am - 08:30 pm";"08:30 am - 08:30 pm";"08:30 am - 08:30 pm";"08:30 am - 08:30 pm"
163;"Shao Lin Martial Arts";"+(91)-9278741680";"Lado Sarai-Mehrauli, Delhi - 110030, Nr Maharaja Arts(Map)";"5.0";"4";"Martial Art Training";"http://www.simaa.info.ms";"06:00 am - 07:00 am";"06:00 am - 07:00 am";"06:00 am - 07:00 am";"06:00 am - 07:00 am";"06:00 am - 07:00 am";"Closed";"Closed"
164;"Delhi Fight Club";"+(91)-9650053099";"11, Silver Oak Farms, Road No., Ghitorni, Delhi - 110030, Take Road Opposite Pillar 147, Near Bakshi Farm";"Null";"0";"2012";"http://www.delhifightclub.com";"Null";"Null";"Null";"Null";"Null";"Null";"Null"
165;"Abdul Samad Martial Art";"+(91)-9313382359";"Plot No K-13a ,Basement, Pipal Wali Gali, Malviya Nagar, Delhi - 110007, Khirki Extension(Map)";"Null";"0";"Cash";"Null";"Null";"Null";"Null";"Null";"Null";"Null";"Null"
166;"Extreme Martial Arts";"+(91)-9818901007";"C-85/3, Hanuman Market, Munirka, Delhi - 110067, Hanuman Mandir(Map)";"Null";"0";"2011";"javascript:void(0);";"04:00 pm - 07:00 pm";"04:00 pm - 07:00 pm";"04:00 pm - 07:00 pm";"04:00 pm - 07:00 pm";"04:00 pm - 07:00 pm";"04:00 pm - 07:00 pm";"07:00 am - 10:00 am"
167;"Sachin Gupta";"+(91)-8800223432";"160a, Munirka, Delhi - 110067";"Null";"0";"2004";"Null";"05:00 pm - 06:00 pm  06:00 pm - 07:00 pm";"05:00 pm - 06:00 pm  06:00 pm - 07:00 pm";"05:00 pm - 06:00 pm  06:00 pm - 07:00 pm";"05:00 pm - 06:00 pm  06:00 pm - 07:00 pm";"05:00 pm - 06:00 pm  06:00 pm - 07:00 pm";"05:00 pm - 06:00 pm  06:00 pm - 07:00 pm";"Closed"
168;"Dany Martial Arts";"+(91)-9711780482";"House No-156, Moti Bagh, Delhi - 110021, North Moti Bagh, F Block";"4.0";"1";"2005";"javascript:void(0);";"05:00 am - 08:00 pm";"05:00 am - 08:00 pm";"05:00 am - 08:00 pm";"05:00 am - 08:00 pm";"05:00 am - 08:00 pm";"05:00 am - 08:00 pm";"05:00 am - 08:00 pm"
169;"Aerobic & Kick Boxing";"+(91)-9268766629";"B-7/19, Vasant Vihar, Delhi - 110057, Safdarjung Enclave(Map)";"4.0";"3";"Aerobic ClassesDieti";"javascript:void(0);";"06:30 am - 09:00 pm";"06:30 am - 09:00 pm";"06:30 am - 09:00 pm";"06:30 am - 09:00 pm";"06:30 am - 09:00 pm";"06:30 am - 09:00 pm";"06:30 am - 09:00 pm"
170;"Tiger Takewondo Club";"+(91)-9911989866";"15, Teachers Quarters, Anand Parbat, Delhi - 110005, Ramjas(Map)";"5.0";"3";"2008";"javascript:void(0);";"09:00 am - 08:00 pm";"09:00 am - 08:00 pm";"09:00 am - 08:00 pm";"09:00 am - 08:00 pm";"09:00 am - 08:00 pm";"09:00 am - 08:00 pm";"Closed"
171;"International Karate Federatio...";"+(91)-9811397530";"4b, The Srijan School, Model Town North Ex, Model Town, Delhi - 110009(Map)";"4.1";"40";"1989";"http://www.ikfikarate.com";"05:00 pm - 07:00 pm";"05:00 pm - 07:00 pm";"05:00 pm - 07:00 pm";"05:00 pm - 07:00 pm";"05:00 pm - 07:00 pm";"05:00 pm - 07:00 pm";"Closed"
172;"Beauty craft center";"+(91)-9873571945";"G-31, central market , Ashok Vihar I-Ashok Vihar, Delhi - 110052, near post office(Map)";"Null";"0";"2008";"Null";"Closed";"11:00 am - 08:00 pm";"11:00 am - 08:00 pm";"11:00 am - 08:00 pm";"11:00 am - 08:00 pm";"11:00 am - 08:00 pm";"11:00 am - 08:00 pm"
173;"olympia martial art academy";"+(91)-7827394425";"3rd floor goswami aata chakki, street no-31, Sant Nagar, Delhi - 110084, shiv mandir";"5.0";"12";"2014";"Null";"Null";"Null";"Null";"Null";"Null";"Null";"Null"
174;"PriceODeal Services Private Li...";"+(91)-8860070407";"B-290 2nd Floor, Street No-3, Adarsh Nagar, Delhi - 110033, Near Metro Station, Majlis Park";"5.0";"1";"Also ProvidesDance C";"http://www.priceodeal.com";"08:00 am - 08:00 pm";"08:00 am - 08:00 pm";"08:00 am - 08:00 pm";"08:00 am - 08:00 pm";"08:00 am - 08:00 pm";"08:00 am - 08:00 pm";"08:00 am - 08:00 pm"
175;"Yoga Therapy For All";"+(91)-11-27476861";"A F/16 D, Shalimar Bagh, Delhi - 110088, Near Prabhu Dayal School(Map)";"Null";"0";"Cash";"javascript:void(0);";"09:00 am - 07:00 pm";"09:00 am - 07:00 pm";"09:00 am - 07:00 pm";"09:00 am - 07:00 pm";"09:00 am - 07:00 pm";"09:00 am - 07:00 pm";"Closed"
176;"Maximum Strength Karate Class";"+(91)-8802054274";"A-56, Main Road, Burari, Delhi - 110084";"5.0";"2";"Cash";"javascript:void(0);";"09:00 am - 09:00 pm";"09:00 am - 09:00 pm";"09:00 am - 09:00 pm";"09:00 am - 09:00 pm";"09:00 am - 09:00 pm";"09:00 am - 09:00 pm";"Closed"
177;"Black Belt Dojang";"+(91)-9268390802";"386, K-block, Galindo. 8, Mahipalpur, Delhi - 110037, Rangpuri road ,labour chock(Map)";"Null";"0";"2015";"javascript:void(0);";"08:00 am - 10:00 pm";"08:00 am - 10:00 pm";"08:00 am - 10:00 pm";"08:00 am - 10:00 pm";"08:00 am - 10:00 pm";"08:00 am - 10:00 pm";"08:00 am - 10:00 pm"
178;"Academy Of Combative Arts";"+(91)-8826837755";"GL- 26, Jail Road, Hari Nagar, Delhi - 110064, Om Sweets";"Null";"0";"2010";"http://www.indiajkd.com";"07:00 am - 09:30 am  05:30 pm - 07:30 pm";"07:00 am - 09:30 am  05:30 pm - 07:30 pm";"07:00 am - 09:30 am  05:30 pm - 07:30 pm";"05:30 am - 05:30 am  05:30 pm - 07:30 pm";"07:00 am - 09:30 am  05:30 pm - 07:30 pm";"07:00 am - 09:30 am  05:30 pm - 07:30 pm";"Closed"
179;"Karate Mixed Martial Arts Kick...";"+(91)-9999053185";"Rajouri Garden, Rajouri Garden, Delhi - 110027, Rajouri Garden Metro Station(Map)";"4.0";"5";"1992";"http://www.martial-art.in";"06:00 am - 10:00 am";"06:00 am - 10:00 am";"06:00 am - 10:00 am";"06:00 am - 10:00 am";"06:00 am - 10:00 am";"06:00 am - 10:00 am";"06:00 am - 10:00 am"
180;"Shri Akal Shatra Vidya Academy";"+(91)-9990742001";"B-E Block, Hari Nagar, Delhi - 110064, Singh Sabha Gurudwara";"Null";"0";"Cash";"javascript:void(0);";"08:00 pm - 09:30 pm";"08:00 pm - 09:30 pm";"08:00 pm - 09:30 pm";"08:00 pm - 09:30 pm";"08:00 pm - 09:30 pm";"08:00 pm - 09:30 pm";"08:00 pm - 09:30 pm"
181;"Sensei Ashwani Yadav Karate Cl...";"+(91)-11-33428529";"D-34 Kali mata mandir, puspanjali enclave, Pitampura, Delhi - 110034, Near-gurdwara(Map)";"4.0";"1";"1997";"http://www.ikfikarate.com";"06:00 am - 07:00 pm";"06:00 am - 07:00 pm";"06:00 am - 07:00 pm";"06:00 am - 07:00 pm";"06:00 am - 07:00 pm";"06:00 am - 07:00 pm";"05:30 am - 05:30 am"
182;"LU Tran Kung-FU Association";"+(91)-9971867271";"C-2b, Janakpuri, Delhi - 110058, Near Bharti College, District Park(Map)";"5.0";"5";"Martial Art Training";"Null";"09:30 am - 06:30 pm";"09:30 am - 06:30 pm";"09:30 am - 06:30 pm";"09:30 am - 06:30 pm";"09:30 am - 06:30 pm";"09:30 am - 06:30 pm";"10:00 am - 08:00 pm"
183;"Abin Academy Of Martial Arts";"+(91)-9210625908";"S 3117, Mg Road, Dlf City Phase III Gurgaon, Gurgaon - 122010, Opposite Neelkanth Hospital(Map)";"4.1";"10";"2002";"javascript:void(0);";"12:00 am - 11:59 pm";"12:00 am - 11:59 pm";"12:00 am - 11:59 pm";"12:00 am - 11:59 pm";"12:00 am - 11:59 pm";"12:00 am - 11:59 pm";"12:00 am - 11:59 pm"
184;"Tachi Judo Club";"+(91)-11-33746997";"B 1, Shopping Centre, Tagore Garden, Delhi - 110027(Map)";"5.0";"1";"2000";"javascript:void(0);";"06:00 am - 08:30 pm";"06:00 am - 08:30 pm";"06:00 am - 08:30 pm";"06:00 am - 08:30 pm";"06:00 am - 08:30 pm";"Closed";"Closed"
185;"Buddha martal art fedration";"+(91)-9650191630";"Shop no.-233, Pitampura, Pitampura, Delhi - 110034, Pitampura Metro Station(Map)";"4.5";"2";"Cash";"http://www.buddhamartalartfedereation.com";"12:00 am - 11:59 pm";"12:00 am - 11:59 pm";"12:00 am - 11:59 pm";"12:00 am - 11:59 pm";"12:00 am - 11:59 pm";"12:00 am - 11:59 pm";"12:00 am - 11:59 pm"
186;"Fitness Kick Off";"+(91)-11-33058309";"244, Sainik Vihar, Pitampura, Delhi - 110034, Opposite Central School(Map)";"Null";"0";"2014";"http://www.fitnesskickoff.com";"12:00 am - 11:59 pm";"12:00 am - 11:59 pm";"12:00 am - 11:59 pm";"12:00 am - 11:59 pm";"12:00 am - 11:59 pm";"12:00 am - 11:59 pm";"12:00 am - 11:59 pm"
187;"Nava Buddha Sports Federation";"Null";"Shop-218, Pitampura, Delhi - 110034, Near Rama Market(Map)";"5.0";"1";"Cash";"Null";"06:00 am - 07:00 pm";"06:00 am - 07:00 pm";"06:00 am - 07:00 pm";"06:00 am - 07:00 pm";"06:00 am - 07:00 pm";"Closed";"Closed"
188;"Simna Martial Arts Org";"+(91)-9718217770";"Rz-140a/253, St No. 2, Sagarpur West, Delhi - 110046, Nr Mazjid Rd, Jagdamba Vihar";"3.5";"2";"CashCheques";"Null";"Null";"Null";"Null";"Null";"Null";"Null";"Null"
189;"Career Matrix";"+(91)-11-27055978";"265/H-17, 3rd Floor, Rohini, Delhi - 110085, Near Rohini West Metro Station, Opposite Metro Pilar Number- 425(Map)";"4.3";"3";"2013";"http://www.careermatrix.info";"06:00 am - 08:00 pm";"06:00 am - 08:00 pm";"06:00 am - 08:00 pm";"06:00 am - 08:00 pm";"06:00 am - 08:00 pm";"06:00 am - 08:00 pm";"06:00 am - 08:00 pm"
190;"kickboxingf1";"+(91)-9599518813";"rzd , 3/180, 7, Mahavir Enclave, Delhi - 110045, shemrock pre school";"Null";"0";"Cash";"http://www.kickboxingf1.com";"Null";"Null";"Null";"Null";"Null";"Null";"Null"
191;"the biggest gym";"+(91)-9911752573";"House 35, Gurgaon, Gurgaon - 122002, vaypar kendra";"Null";"0";"2014";"Null";"05:30 am - 10:30 pm";"05:30 am - 10:30 pm";"05:30 am - 10:30 pm";"05:30 am - 10:30 pm";"05:30 am - 10:30 pm";"05:30 am - 10:30 pm";"05:30 am - 10:30 pm"
192;"Martial Arts & Fitness Trainin...";"+(91)-9968407171";"BLOCK A6, RAJIV GANDHI PARK, Paschim Vihar, Delhi - 110063, BACK SIDE ST. MATHEWS SCHOOL";"4.0";"2";"2007";"http://https://www.facebook.com/maft.studio";"06:00 am - 08:00 am";"06:00 am - 07:00 am";"06:00 am - 08:00 am";"06:00 am - 07:00 am";"06:00 am - 08:00 am";"06:00 am - 07:00 am";"07:00 am - 12:00 pm"
193;"Self Defence Fitness Council";"+(91)-11-25552937";"Office Number-C-5d/2B, Janakpuri, Delhi - 110058, Behind Janak Picture Hall";"Null";"0";"2010";"Null";"06:30 am - 08:00 am  05:00 pm - 06:30 pm";"06:30 am - 08:00 am  05:00 pm - 06:30 pm";"06:30 am - 08:00 am  05:00 pm - 06:30 pm";"06:30 am - 08:00 am  05:00 pm - 06:30 pm";"06:30 am - 08:00 am  05:00 pm - 06:30 pm";"06:30 am - 08:00 am  05:00 pm - 06:30 pm";"Closed"
194;"Sanshinkan Martial Arts & Fitn...";"+(91)-8506887470";"Plot No-159, Gurgaon Sector 56, Gurgaon - 122011";"5.0";"1";"Cash";"javascript:void(0);";"09:30 am - 06:30 pm";"09:30 am - 06:30 pm";"09:30 am - 06:30 pm";"09:30 am - 06:30 pm";"09:30 am - 06:30 pm";"09:30 am - 06:30 pm";"05:30 am - 05:30 am"
195;"Fitness With Martial Arts";"+(91)-9289817234";"B-15, Rohini Sector 11, Delhi - 110085(Map)";"Null";"0";"CashCheques";"javascript:void(0);";"05:00 am - 08:00 pm";"05:00 am - 08:00 pm";"05:00 am - 08:00 pm";"05:00 am - 08:00 pm";"05:00 am - 08:00 pm";"05:00 am - 08:00 pm";"Closed"
196;"O Sport Federation Of India";"+(91)-9540663555";"B 28 G, Rohini Sector 13, Delhi - 110085, Delhi Police Society Vijeta Vihar(Map)";"5.0";"2";"Sports Company Offic";"javascript:void(0);";"09:00 am - 05:00 pm";"09:00 am - 05:00 pm";"09:00 am - 05:00 pm";"09:00 am - 05:00 pm";"09:00 am - 05:00 pm";"09:00 am - 05:00 pm";"Closed"
197;"Luthran Kunfu Association";"+(91)-9891434155";"Gh-6,New White Appartment Hno-127, Meera Bagh, Delhi - 110087, Near By Saint Mark School";"3.5";"2";"Cash";"Null";"06:00 am - 08:00 am  05:00 pm - 07:00 pm";"06:00 am - 08:00 am  05:00 pm - 07:00 pm";"06:00 am - 08:00 am  05:00 pm - 07:00 pm";"06:00 am - 08:00 am  05:00 pm - 07:00 pm";"06:00 am - 08:00 am  05:00 pm - 07:00 pm";"06:00 am - 08:00 am  05:00 pm - 07:00 pm";"06:00 am - 08:00 am  05:00 pm - 07:00 pm"
198;"Elemention Health Club";"+(91)-124-4203200";"LGF, Golf Course Road, Gurgaon, Gurgaon - 122003, Near/Before Suncity";"Null";"0";"2015";"Null";"06:00 am - 09:30 pm";"06:00 am - 09:30 pm";"06:00 am - 09:30 pm";"06:00 am - 09:30 pm";"06:00 am - 09:30 pm";"06:00 am - 09:30 pm";"06:00 am - 09:30 pm"
199;"Evening Home School";"+(91)-9213942260";"No. L2/47,Kangra Niketan, Outer Ring Road, New Mahavir Nagar, Vikaspuri, Delhi - 110018, Near District Center(Map)";"Null";"0";"1985";"javascript:void(0);";"03:00 pm - 09:00 pm";"03:00 pm - 09:00 pm";"03:00 pm - 09:00 pm";"03:00 pm - 09:00 pm";"03:00 pm - 09:00 pm";"03:00 pm - 09:00 pm";"Closed"
200;"Shan Mixed Martial Art & Fitne...";"+(91)-9999396387";"A-64,Chankya Place, 40 Foota Road, Uttam Nagar, Delhi - 110059, Oppo Chanan Devi Hospital(Map)";"Null";"0";"Martial Art Training";"Null";"Null";"Null";"Null";"Null";"Null";"Null";"Null"
201;"Fitness Xperts Group";"Null";"# C 927, Ramphal Chowk, Sector - 7, Dwarka, Delhi - 110075(Map)";"3.8";"11";"CashCheques";"http://www.fxg.co.in";"06:00 am - 10:00 pm";"06:00 am - 10:00 pm";"06:00 am - 10:00 pm";"06:00 am - 10:00 pm";"06:00 am - 10:00 pm";"06:00 am - 10:00 pm";"06:00 am - 09:00 am"
202;"Self Defence Martial Art And P...";"+(91)-11-33069676";"rohini sports complex sec 14 , Rohini, Delhi - 110085, behind rohini coat";"4.8";"5";"2013";"http://www.selfdefenceindia.net";"07:00 am - 10:00 am  04:00 am - 08:00 pm";"07:00 am - 10:00 am  04:00 am - 08:00 pm";"07:00 am - 10:00 am  04:00 am - 08:00 pm";"07:00 am - 10:00 am  04:00 am - 08:00 pm";"07:00 am - 10:00 am  04:00 am - 08:00 pm";"07:00 am - 10:00 am  04:00 am - 08:00 pm";"07:00 am - 10:00 am  04:00 am - 08:00 pm"
203;"Goel Art & Crafts";"+(91)-11-26676780";"J-2/11, Khirki Extension, Malviya Nagar, Rohini, Delhi - 110085";"Null";"0";"Cash";"Null";"10:00 am - 07:00 pm";"10:00 am - 07:00 pm";"10:00 am - 07:00 pm";"10:00 am - 07:00 pm";"10:00 am - 07:00 pm";"10:00 am - 07:00 pm";"Closed"
204;"Kungfu Academy";"+(91)-11-42811125";"Grace Centre. Rz- 9 Basement, Palam Vihar, Dwarka Sector 6, Delhi - 110075, Bh Jm International School, Nr MTNL Office(Map)";"5.0";"5";"2011";"http://www.fensuikungfuacademy.webs.com";"07:00 am - 08:00 pm";"07:00 am - 08:00 pm";"07:00 am - 08:00 pm";"07:00 am - 08:00 pm";"07:00 am - 08:00 pm";"07:00 am - 08:00 pm";"05:30 am - 05:30 am"
205;"Delhi Karate N Physical Fitness";"+(91)-9811697373";"Office number B-4/66, Rohini Sector 11, Delhi - 110085, Near Gurudwara, near japani park";"3.7";"9";"Cash";"javascript:void(0);";"08:00 am - 11:00 am";"08:00 am - 11:00 am";"08:00 am - 11:00 am";"08:00 am - 11:00 am";"08:00 am - 11:00 am";"08:00 am - 11:00 am";"Closed"
206;"Sanshinkan Karate International";"+(91)-9312877677";"H-7462, Vikaspuri, Delhi - 110018, Nr Kr Manglam School(Map)";"3.8";"8";"Cash";"Null";"09:30 am - 06:30 pm";"09:30 am - 06:30 pm";"09:30 am - 06:30 pm";"09:30 am - 06:30 pm";"09:30 am - 06:30 pm";"09:30 am - 06:30 pm";"09:30 am - 06:30 pm"
207;"Anand Kumar";"+(91)-9810011141";"A4/70, F F, Rohini Sector 4, Delhi - 110085, Opposite Mother Divine School";"4.0";"1";"Martial Art Training";"javascript:void(0);";"09:30 am - 06:30 pm";"09:30 am - 06:30 pm";"09:30 am - 06:30 pm";"09:30 am - 06:30 pm";"09:30 am - 06:30 pm";"09:30 am - 06:30 pm";"Closed"
208;"Varma Kalai";"+(91)-9891274107";"Dwarka Sector 10, Delhi - 110075";"Null";"0";"Martial Art Training";"Null";"Null";"Null";"Null";"Null";"Null";"Null";"Null"
209;"Academy Of Music Cultivation A...";"+(91)-11-39517138";"J-73 B, Rajapuri, Gali Number 38, Uttam Nagar, Delhi - 110059, Near Dwarka Sector 5(Map)";"4.0";"2";"2004";"javascript:void(0);";"07:00 am - 08:00 pm";"07:00 am - 08:00 pm";"07:00 am - 08:00 pm";"07:00 am - 08:00 pm";"07:00 am - 08:00 pm";"07:00 am - 08:00 pm";"Closed"
210;"Shotokan Karate Do Federation ...";"+(91)-11-33435527";"Wz 55a Ramdatta Enclave, Uttam Nagar, Delhi - 110059";"Null";"0";"1999";"javascript:void(0);";"12:00 am - 11:59 pm";"12:00 am - 11:59 pm";"12:00 am - 11:59 pm";"12:00 am - 11:59 pm";"12:00 am - 11:59 pm";"12:00 am - 11:59 pm";"12:00 am - 11:59 pm"
211;"draggan karrate club delhi";"+(91)-9278963193";"House No-55, Gali No-3, Khera Kalan, Delhi - 110082, Ambedkar Clny Khera Khurd";"Null";"0";"Martial Art Training";"Null";"09:30 am - 06:30 pm";"09:30 am - 06:30 pm";"09:30 am - 06:30 pm";"09:30 am - 06:30 pm";"09:30 am - 06:30 pm";"09:30 am - 06:30 pm";"09:30 am - 06:30 pm"
212;"Shaolin Kung Fu School";"+(91)-9811964786";"9, Dwarka, Delhi - 110075, Sec-6";"3.1";"8";"2012";"javascript:void(0);";"09:30 am - 06:30 pm";"09:30 am - 06:30 pm";"09:30 am - 06:30 pm";"09:30 am - 06:30 pm";"09:30 am - 06:30 pm";"09:30 am - 06:30 pm";"Closed"
213;"Shri Martial Arts Academy";"+(91)-8800779798";"C- 69, Street No-5, Mangal Bazar Road, Nilothi, Delhi - 110041, Nilothi Extension, Near Chander Vihar, Shivram Park(Map)";"Null";"0";"2002";"javascript:void(0);";"06:00 am - 10:00 am  04:00 pm - 10:00 pm";"06:00 am - 10:00 am  04:00 pm - 10:00 pm";"06:00 am - 10:00 am  04:00 pm - 10:00 pm";"06:00 am - 10:00 am  04:00 pm - 10:00 pm";"06:00 am - 10:00 am  04:00 pm - 10:00 pm";"06:00 am - 10:00 am  04:00 pm - 10:00 pm";"Closed"
214;"Budo Martial Academy";"+(91)-9899666816";"Pt No- 335, Gurgaon, Gurgaon - 122001, Udyog Vihar, PH- 2";"3.0";"1";"2000";"javascript:void(0);";"05:00 am - 09:00 pm";"Closed";"05:00 am - 09:00 pm";"Closed";"05:00 am - 09:00 pm";"05:00 am - 09:00 pm";"05:00 am - 09:00 pm"
215;"Sai Carate Planet";"+(91)-8802880781";"Jao vihar , sector - 46, near cyber park, Gurgaon, Gurgaon - 122001, Jal Vihar Road(Map)";"4.0";"7";"2004";"http://www.saikarateplanet.com";"10:00 am - 08:00 pm";"10:00 am - 08:00 pm";"10:00 am - 08:00 pm";"10:00 am - 08:00 pm";"10:00 am - 08:00 pm";"10:00 am - 08:00 pm";"10:00 am - 08:00 pm"
216;"Karate Planet";"+(91)-11-33437113";"Partham Ultrasound Basement, Gurgaon Ho, Gurgaon - 122001, Opposite SBI Bank";"3.3";"3";"2006";"http://www.karatedushyantsaini.in";"12:00 am - 11:59 pm";"12:00 am - 11:59 pm";"12:00 am - 11:59 pm";"12:00 am - 11:59 pm";"12:00 am - 11:59 pm";"12:00 am - 11:59 pm";"12:00 am - 11:59 pm"
217;"The Royal Academy";"+(91)-9999145046";"H - 5a, street no 7, Shivram park, peer baba road, Nangloi, Delhi - 110041, Nr hanuman mandir(Map)";"4.7";"3";"2008";"http://www.rdmaacademy.in";"07:00 am - 09:00 pm";"07:00 am - 09:00 pm";"07:00 am - 09:00 pm";"07:00 am - 09:00 pm";"07:00 am - 09:00 pm";"07:00 am - 09:00 pm";"07:00 am - 12:00 pm"
218;"Fitten Martial Art Academy";"+(91)-9953669364";"House Number C-66, Gurgaon Sector 14, Gurgaon - 122001, Old Dlf Colony, Near Sector-14 Market";"Null";"0";"2014";"javascript:void(0);";"12:00 am - 11:59 pm";"12:00 am - 11:59 pm";"12:00 am - 11:59 pm";"12:00 am - 11:59 pm";"12:00 am - 11:59 pm";"12:00 am - 11:59 pm";"12:00 am - 11:59 pm"
219;"School Of Shotokan Karate Do";"+(91)-9811655488";"Choudhary Devi LAL Park, Palam Vihar, Gurgaon - 122017, Sec 22";"3.7";"27";"They Provide Trainin";"http://www.schoolofshotokankaratedo.org";"09:30 am - 06:30 pm";"09:30 am - 06:30 pm";"09:30 am - 06:30 pm";"09:30 am - 06:30 pm";"09:30 am - 06:30 pm";"09:30 am - 06:30 pm";"Closed"
220;"Triple Dragon Martial Art Academy";"+(91)-9910535959";"Paprawat Road, Chhawala Stand, Najafgarh, Delhi - 110043, In Front Of Post Office(Map)";"Null";"0";"Cash";"javascript:void(0);";"09:30 am - 06:30 pm";"09:30 am - 06:30 pm";"09:30 am - 06:30 pm";"09:30 am - 06:30 pm";"09:30 am - 06:30 pm";"09:30 am - 06:30 pm";"Closed"
221;"Stringent School Of Performing...";"+(91)-11-33431487";"Shop Number A 26, Rama Park Road, Uttam Nagar, Delhi - 110059, Near Pillar Number 764(Map)";"4.7";"52";"2013";"javascript:void(0);";"05:30 am - 10:00 pm";"05:30 am - 10:00 pm";"05:30 am - 10:00 pm";"05:30 am - 10:00 pm";"05:30 am - 10:00 pm";"05:30 am - 10:00 pm";"05:30 am - 10:00 pm"
222;"Crazy Shredz";"+(91)-8800875077";"171, South City 2, Gurgaon - 122018, Sector-50, Near Hilton Garden Inn & Mayfields Garden";"Null";"0";"2013";"javascript:void(0);";"05:00 am - 10:00 pm";"05:00 am - 10:00 pm";"05:00 am - 10:00 pm";"05:00 am - 10:00 pm";"05:00 am - 10:00 pm";"05:00 am - 10:00 pm";"05:00 am - 10:00 pm"
223;"Young India Martial Art";"+(91)-9971250412";"House no. 64 & 67, Railway Road, Gurgaon Sector 4, Gurgaon - 122001, Near Mata Chintapurni Mandir(Map)";"Null";"0";"2013";"Null";"04:00 pm - 07:00 pm";"04:00 pm - 07:00 pm";"04:00 pm - 07:00 pm";"04:00 pm - 07:00 pm";"04:00 pm - 07:00 pm";"Closed";"Closed"
224;"Jahanara  sewing & beautician ...";"+(91)-8447330655";"flat no 105, pocket b, Narela, Delhi - 110040, Near dda flat(Map)";"Null";"0";"2015";"Null";"10:00 am - 05:00 pm";"10:00 am - 05:00 pm";"10:00 am - 05:00 pm";"10:00 am - 05:00 pm";"10:00 am - 05:00 pm";"10:00 am - 05:00 pm";"10:00 am - 05:00 pm"
225;"Bhrat Taekwando & self defence...";"+(91)-8447322237";"dev cables sector 9, kishan nagar, Basai Road, Gurgaon - 122001, near gas godown(Map)";"Null";"0";"2001";"javascript:void(0);";"05:00 am - 06:30 am";"05:00 am - 06:30 am";"05:00 am - 06:30 am";"05:00 am - 06:30 am";"05:00 am - 06:30 am";"05:00 am - 06:30 am";"Closed"
226;"Martial Arts Academy";"+(91)-9015196461";"A-3/A, Jain Nagar, Karala, Karalla, Karala, Delhi - 110081";"Null";"0";"Martial Art Training";"Null";"09:30 am - 06:30 pm";"09:30 am - 06:30 pm";"09:30 am - 06:30 pm";"09:30 am - 06:30 pm";"09:30 am - 06:30 pm";"09:30 am - 06:30 pm";"Closed"
227;"Leo Karate Classes";"+(91)-9911419691";"House Number-646, Gurgaon Sector 9a, Gurgaon - 122006, Near ESIC Hospital(Map)";"Null";"0";"2007";"javascript:void(0);";"04:00 pm - 08:00 pm";"04:00 pm - 08:00 pm";"04:00 pm - 08:00 pm";"04:00 pm - 08:00 pm";"04:00 pm - 08:00 pm";"Closed";"Closed"
228;"Say Fitness";"+(91)-11-33080481";"E 143, Amar Colony, Lajpat Nagar 4-Lajpat Nagar, Delhi - 110024, Opposite Tagore International School(Map)";"4.2";"20";"2006";"javascript:void(0);";"06:00 am - 12:00 pm";"06:00 am - 12:00 pm";"06:00 am - 12:00 pm";"06:00 am - 12:00 pm";"06:00 am - 12:00 pm";"06:00 am - 12:00 pm";"06:00 am - 12:00 pm"
229;"Altius Games & Sports Fedra...";"+(91)-11-33633160";"A- 63, Street No 3, Dayanand Vihar-Anand Vihar, Delhi - 110092, Arya Nagar, Near Karkardooma Metro Station(Map)";"3.4";"10";"2012";"javascript:void(0);";"12:00 am - 11:59 pm";"12:00 am - 11:59 pm";"12:00 am - 11:59 pm";"12:00 am - 11:59 pm";"12:00 am - 11:59 pm";"12:00 am - 11:59 pm";"12:00 am - 11:59 pm"
230;"Crime Check India Krav Maga";"+(91)-11-33742486";"Lodhi Garden, Lodhi Road, Delhi - 110003, Enter From Gate No 1 Of Lodhi Garden & Opposite To Mausam Bhavan(Map)";"4.3";"3";"2013";"http://www.crimecheckindia.com";"07:00 am - 08:00 pm";"07:00 am - 08:00 pm";"07:00 am - 08:00 pm";"07:00 am - 08:00 pm";"07:00 am - 08:00 pm";"07:00 am - 08:00 pm";"Closed"
231;"Jet Lees Fight Club";"+(91)-11-33631793";"B-3/49a, Yamuna Vihar, Delhi - 110053, Near Bhajanpura Petrol Pump";"4.0";"15";"2005";"javascript:void(0);";"09:30 am - 06:30 pm";"09:30 am - 06:30 pm";"09:30 am - 06:30 pm";"09:30 am - 06:30 pm";"09:30 am - 06:30 pm";"09:30 am - 06:30 pm";"05:30 am - 05:30 am"
232;"Sn Fitness Studio";"+(91)-11-33079715";"1008, Sushant Lok 1, Gurgaon Sector 43, Gurgaon - 122002, Opposite Vyapar Kendra";"4.9";"11";"2015";"javascript:void(0);";"10:00 am - 08:00 pm";"10:00 am - 08:00 pm";"10:00 am - 08:00 pm";"10:00 am - 08:00 pm";"10:00 am - 08:00 pm";"10:00 am - 08:00 pm";"10:00 am - 08:00 pm"
233;"Excel Taekwondo And Self De...";"+(91)-11-33742241";"House No 877/22,Gandhi Nagar, Gurgaon, Gurgaon - 122001, near malviya nagar metro station";"5.0";"1";"2006";"javascript:void(0);";"12:00 am - 11:59 pm";"12:00 am - 11:59 pm";"12:00 am - 11:59 pm";"12:00 am - 11:59 pm";"12:00 am - 11:59 pm";"12:00 am - 11:59 pm";"12:00 am - 11:59 pm"
234;"Knock out Martial art and f...";"+(91)-11-33074018";"WZ-629 A, SHIV NAGAR EXTENTION, Janakpuri, Delhi - 110058, Opposite- POLKA BAKERY";"4.3";"23";"1987";"http://www.martial-art.in";"12:00 am - 11:59 pm";"12:00 am - 11:59 pm";"12:00 am - 11:59 pm";"12:00 am - 11:59 pm";"12:00 am - 11:59 pm";"12:00 am - 11:59 pm";"12:00 am - 11:59 pm"
235;"Realistic Fitness World Bla...";"+(91)-11-33068556";"Wz 2/2, Lower Ground Floor, Paschim Vihar, Delhi - 110063, Near Paschim Vihar East Metro Station And Opposite Pillar No 218, Multan Nagar(Map)";"2.7";"3";"2009";"javascript:void(0);";"06:30 am - 10:00 pm";"06:30 am - 10:00 pm";"06:30 am - 10:00 pm";"06:30 am - 10:00 pm";"06:30 am - 10:00 pm";"06:30 am - 10:00 pm";"Closed"
236;"Fearout MMA & Fitness";"+(91)-11-33453996";"A 1/3, Basement, Janakpuri, Delhi - 110058, Near Uttam Nagar East Metro Station And Pillar Number 637(Map)";"5.0";"2";"2005";"http://www.fearoutmma.com";"06:00 am - 09:30 pm";"06:00 am - 09:30 pm";"06:00 am - 09:30 pm";"06:00 am - 09:30 pm";"06:00 am - 09:30 pm";"06:00 am - 09:30 pm";"06:00 am - 09:30 pm"
237;"Sports Martial Art Academy";"+(91)-11-33491641";"Plot Number -137/138, Om Vihar Phase-1, Uttam Nagar, Delhi - 110059, Aaryan International School(Map)";"4.0";"5";"2003";"javascript:void(0);";"12:00 am - 11:59 pm";"12:00 am - 11:59 pm";"12:00 am - 11:59 pm";"12:00 am - 11:59 pm";"12:00 am - 11:59 pm";"12:00 am - 11:59 pm";"12:00 am - 11:59 pm"
238;"Sampurna Art Academy";"+(91)-11-33068740";"C 61, First Floor, Budh Bazar Road, Avantika, Rohini Sector 1, Delhi - 110085, Near Subzi Mandi(Map)";"5.0";"2";"2009";"http://www.sampurnamusic.com";"10:00 am - 10:00 pm";"10:00 am - 10:00 pm";"10:00 am - 10:00 pm";"10:00 am - 10:00 pm";"10:00 am - 10:00 pm";"10:00 am - 10:00 pm";"10:00 am - 10:00 pm"
239;"Look me";"+(91)-8802697866";"Pocket A- 8/74 basement, Kalkaji Extension, Delhi - 110019, Backend of aggrawal sweets(Map)";"Null";"0";"Cash";"http://www.advancefitness.com";"06:30 am - 10:00 pm";"06:30 am - 10:00 pm";"06:30 am - 10:00 pm";"06:30 am - 10:00 pm";"06:30 am - 10:00 pm";"06:30 am - 10:00 pm";"06:30 am - 10:00 pm"
240;"SAN-Shin-KEN Martial Art & Fit...";"+(91)-9999396387";"A1 Block, janak puri , pankha road, Janakpuri, Delhi - 110058, Near Uttam Nagar East Metro station piller no.637(Map)";"4.0";"2";"1967";"javascript:void(0);";"06:00 am - 09:00 pm";"06:00 am - 09:00 pm";"06:00 am - 09:00 pm";"06:00 am - 09:00 pm";"06:00 am - 09:00 pm";"06:00 am - 09:00 pm";"06:00 am - 01:00 pm"
241;"Karate India";"+(91)-8802222988";"S-4/42, Janakpuri, Delhi - 110058, Old Mahavir Nagar, Nr Janak Puri East Metro Station(Map)";"4.0";"38";"Also Provides Classe";"http://www.karateindia.org";"06:00 am - 10:00 pm";"06:00 am - 10:00 pm";"06:00 am - 10:00 pm";"06:00 am - 10:00 pm";"06:00 am - 10:00 pm";"06:00 am - 10:00 pm";"06:00 am - 10:00 pm"
242;"Bhrat Taekwondo & Self Defence...";"+(91)-11-33041537";"Sector 14, Rajiv Nagar, Gurgaon - 122001, Near Air Force School(Map)";"Null";"0";"2001";"javascript:void(0);";"05:00 am - 08:00 pm";"05:00 am - 08:00 pm";"05:00 am - 08:00 pm";"05:00 am - 08:00 pm";"05:00 am - 08:00 pm";"05:00 am - 08:00 pm";"05:00 am - 08:00 pm"
243;"Lucky Lehnga";"+(91)-8010504064";"D 11/ 371 Ground Floor, Rohini Sector 7, Delhi - 110085(Map)";"4.0";"1";"Martial Art Training";"http://www.luckylehnga.com";"10:30 am - 07:30 pm";"10:30 am - 07:30 pm";"10:30 am - 07:30 pm";"10:30 am - 07:30 pm";"10:30 am - 07:30 pm";"10:30 am - 07:30 pm";"10:30 am - 07:30 pm"
244;"WORLD TAEKWONDO FEDERATION(WTF)";"+(91)-8285057757";"Off.G145, Maidan garhi , Chattarpur, Delhi - 110074, Nr lawn ya hospital(Map)";"Null";"0";"CashCheques";"javascript:void(0);";"10:00 am - 06:00 pm";"10:00 am - 06:00 pm";"10:00 am - 06:00 pm";"10:00 am - 06:00 pm";"10:00 am - 06:00 pm";"10:00 am - 06:00 pm";"10:00 am - 06:00 pm"
245;"Mixed Martial Arts & Fitness";"+(91)-11-33639857";"A1/3, basement Janak Puri, Pankha Road, Janakpuri, Delhi - 110058, Aakash institute & Uttam Nagar East Metro station piller no.637(Map)";"3.8";"4";"CashCheques";"http://www.martialartt.com";"06:00 am - 12:00 pm  03:00 pm - 09:00 pm";"06:00 am - 12:00 pm  03:00 pm - 09:00 pm";"06:00 am - 12:00 pm  03:00 pm - 09:00 pm";"06:00 am - 12:00 pm  03:00 pm - 09:00 pm";"06:00 am - 12:00 pm  03:00 pm - 09:00 pm";"06:00 am - 12:00 pm  03:00 pm - 09:00 pm";"06:00 am - 12:00 pm"
246;"Thomas Kids International";"+(91)-9873406557";"E-9, Jungpura Ext, Jangpura, Delhi - 110014, Near Sanatan Dharm Mandir(Map)";"3.5";"11";"CashCheques";"http://www.tkiabacus.com";"09:30 am - 06:30 pm";"09:30 am - 06:30 pm";"09:30 am - 06:30 pm";"09:30 am - 06:30 pm";"09:30 am - 06:30 pm";"09:30 am - 06:30 pm";"Closed"
